arquivo,linha_csv,Ano-calendário,CNPJ,Razão Social,Nome Fantasia,Código CNAE,CNAE,Município,UF,Tipo Renúncia,Benefício Fiscal,Fundamento Legal,Descrição,Tributo,Forma Tributação,Valor Renúncia Fiscal (R$)
2015_RenúnciasFiscais.csv,36510,2015,88634977000101,SOPRANO INDUSTRIA ELETROMETALURGICA LTDA,,52117,Armazenamento,FARROUPILHA,RS,Declarado pelo Contribuinte para Apuração do IRPJ e da CSLL,Fundos de Direitos da Criança e do Adolescente,"Lei nº 8.069, de 1990, art. 260; Lei nº 12.594, de 2012, art. 87.","Dedução, do imposto de renda devido em cada período de apuração, das doações efetuadas aos Fundos dos Direitos da Criança e do Adolescente nacional, estaduais ou municipais, devidamente comprovados, observados os limites legais.",IRPJ,Dedução na apuração do IRPJ.,"12000,00"
2016_RenúnciasFiscais.csv,42313,2016,49351786000180,BAXTER HOSPITALAR LTDA,,82113,Serviços combinados de escritório e apoio administrativo,SÃO PAULO,SP,Declarado pelo Contribuinte para Apuração do IRPJ e da CSLL,Empresa Cidadã,"Lei nº 11.770, de 2008.","Dedução, do imposto devido, do total da remuneração integral paga à empregados, durante os 60 (sessenta) dias de prorrogação da licença maternidade ou 15 (quinze) dias de prorrogação da licença paternidade.",IRPJ,Dedução no cálculo do IRPJ e da CSLL.,"37081,77"
2016_RenúnciasFiscais.csv,52008,2016,91982348000187,HIDROPAN DISTRIBUICAO DE ENERGIA S.A.,HIDROPAN ENERGIA,00000,Sem informação,PANAMBI,RS,Declarado pelo Contribuinte para Apuração do IRPJ e da CSLL,Pronac - Programa Nacional de Apoio à Cultura - Dedução do Imposto de Renda,"Lei nº 8.313, de 1991, art. 26, § 1º; Lei nº 9.249, de 1995, art. 13, § 2º, inciso I; Decreto nº 5.761, de 2006, arts. 28 e 30; Lei nº 8.313, de 1991, art. 18, caput e §§ 1º e 3º; Medida Provisória nº 2.228-1, de 2001, art. 39.","Dedução do imposto devido das quantias efetivamente realizadas no período de apuração a título de doações ou patrocínio, tanto mediante contribuições ao Fundo Nacional de Cultura (FNC) na forma de doações.",IRPJ,Dedução na apuração do IRPJ.,"5000,00"
2017_RenúnciasFiscais.csv,27966,2017,21316271000120,ADATA ELECTRONICS BRAZIL S/A,,26108,Fabricação de componentes eletrônicos,SANTO ANTÔNIO DE POSSE,SP,PIS/COFINS Vinculados à Importação,COFINS,"Bens Submetidos Aos Regimes Aduaneiros Especiais (Lei 10865/04 - Art. 14, Caput)","Valor em real do incentivo, renúncia, benefício ou imunidade (IRBI) da COFINS. É a diferença entre a COFINS calculada e a COFINS a recolher.",COFINS,,"271606,00"
2017_RenúnciasFiscais.csv,38028,2017,21316271000120,ADATA ELECTRONICS BRAZIL S/A,,26108,Fabricação de componentes eletrônicos,SANTO ANTÔNIO DE POSSE,SP,PIS/COFINS Vinculados à Importação,PIS,"Bens Submetidos Aos Regimes Aduaneiros Especiais (Lei 10865/04 - Art. 14, Caput)","Valor em real do incentivo, renúncia, benefício ou imunidade (IRBI) da contribuição ao PIS. É a diferença entre o PIS calculado e o PIS a recolher.",PIS,,"59106,00"
2018_RenúnciasFiscais.csv,20137,2018,03137964000174,ORGANIZACAO PARAENSE EDUCACIONAL E DE EMPREENDIMENTOS LTDA,ORPES,85317,Educação superior - graduação,BELÉM,PA,Declarado pelo Contribuinte para Apuração do IRPJ e da CSLL,Pronac - Programa Nacional de Apoio à Cultura - Dedução do Imposto de Renda,"Lei nº 8.313, de 1991, art. 26, § 1º; Lei nº 9.249, de 1995, art. 13, § 2º, inciso I; Decreto nº 5.761, de 2006, arts. 28 e 30; Lei nº 8.313, de 1991, art. 18, caput e §§ 1º e 3º; Medida Provisória nº 2.228-1, de 2001, art. 39.","Dedução do imposto devido das quantias efetivamente realizadas no período de apuração a título de doações ou patrocínio, tanto mediante contribuições ao Fundo Nacional de Cultura (FNC) na forma de doações.",IRPJ,Dedução na apuração do IRPJ.,"103406,34"
2018_RenúnciasFiscais.csv,29613,2018,03186792000129,UNISAOLUIS EDUCACIONAL LTDA,ESTACIO SAO LUIS,85317,Educação superior - graduação,SÃO LUÍS,MA,Declarado pelo Contribuinte para Apuração do IRPJ e da CSLL,Pronac - Programa Nacional de Apoio à Cultura - Dedução do Imposto de Renda,"Lei nº 8.313, de 1991, art. 26, § 1º; Lei nº 9.249, de 1995, art. 13, § 2º, inciso I; Decreto nº 5.761, de 2006, arts. 28 e 30; Lei nº 8.313, de 1991, art. 18, caput e §§ 1º e 3º; Medida Provisória nº 2.228-1, de 2001, art. 39.","Dedução do imposto devido das quantias efetivamente realizadas no período de apuração a título de doações ou patrocínio, tanto mediante contribuições ao Fundo Nacional de Cultura (FNC) na forma de doações.",IRPJ,Dedução na apuração do IRPJ.,"212059,17"
2018_RenúnciasFiscais.csv,33260,2018,03137964000174,ORGANIZACAO PARAENSE EDUCACIONAL E DE EMPREENDIMENTOS LTDA,ORPES,85317,Educação superior - graduação,BELÉM,PA,Declarado pelo Contribuinte para Apuração do IRPJ e da CSLL,Fundos de Direitos da Criança e do Adolescente,"Lei nº 8.069, de 1990, art. 260; Lei nº 12.594, de 2012, art. 87.","Dedução, do imposto de renda devido em cada período de apuração, das doações efetuadas aos Fundos dos Direitos da Criança e do Adolescente nacional, estaduais ou municipais, devidamente comprovados, observados os limites legais.",IRPJ,Dedução na apuração do IRPJ.,"6367,33"
2018_RenúnciasFiscais.csv,36542,2018,17247891000188,SA RADIO GUARANI,RADIO GUARANI,60101,Atividades de rádio,BELO HORIZONTE,MG,Declarado pelo Contribuinte para Apuração do IRPJ e da CSLL,Horário Eleitoral,"Lei nº 9.096, de 1995; art. 50-E; Lei nº 9.504, de 1997, Art. 99","As emissoras de rádio e televisão obrigadas à divulgação gratuita de propaganda partidária e eleitoral, de plebiscitos e de referendos poderão efetuar a compensação fiscal pela cedência do horário gratuito.",IRPJ,Dedução no LALUR,"1454189,64"
2018_RenúnciasFiscais.csv,40585,2018,03681572000171,YDUQS EDUCACIONAL LTDA.,UNIFANOR,85317,Educação superior - graduação,FORTALEZA,CE,Declarado pelo Contribuinte para Apuração do IRPJ e da CSLL,Prouni - Programa Universidade para Todos CSLL,"Lei nº 11.096, de 2005.","Programa destinado à concessão de bolsas de estudo integrais e bolsas de estudo parciais de 50% (cinquenta por cento) para estudantes de cursos de graduação e sequenciais de formação específica, em instituições privadas de ensino superior, com ou sem fins lucrativos.",CSLL,Dedução na apuração da CSLL.,"555814,88"
2018_RenúnciasFiscais.csv,42345,2018,03137964000174,ORGANIZACAO PARAENSE EDUCACIONAL E DE EMPREENDIMENTOS LTDA,ORPES,85317,Educação superior - graduação,BELÉM,PA,Declarado pelo Contribuinte para Apuração do IRPJ e da CSLL,Fundos de Direitos da Criança e do Adolescente,"Lei nº 8.069, de 1990, art. 260; Lei nº 12.594, de 2012, art. 87.","Dedução, do imposto de renda devido em cada período de apuração, das doações efetuadas aos Fundos dos Direitos da Criança e do Adolescente nacional, estaduais ou municipais, devidamente comprovados, observados os limites legais.",IRPJ,Dedução na apuração do IRPJ.,"6367,33"
2018_RenúnciasFiscais.csv,46718,2018,03137964000174,ORGANIZACAO PARAENSE EDUCACIONAL E DE EMPREENDIMENTOS LTDA,ORPES,85317,Educação superior - graduação,BELÉM,PA,Declarado pelo Contribuinte para Apuração do IRPJ e da CSLL,Pronac - Programa Nacional de Apoio à Cultura - Dedução do Imposto de Renda,"Lei nº 8.313, de 1991, art. 26, § 1º; Lei nº 9.249, de 1995, art. 13, § 2º, inciso I; Decreto nº 5.761, de 2006, arts. 28 e 30; Lei nº 8.313, de 1991, art. 18, caput e §§ 1º e 3º; Medida Provisória nº 2.228-1, de 2001, art. 39.","Dedução do imposto devido das quantias efetivamente realizadas no período de apuração a título de doações ou patrocínio, tanto mediante contribuições ao Fundo Nacional de Cultura (FNC) na forma de doações.",IRPJ,Dedução na apuração do IRPJ.,"103406,34"
2018_RenúnciasFiscais.csv,47461,2018,03186792000129,UNISAOLUIS EDUCACIONAL LTDA,ESTACIO SAO LUIS,85317,Educação superior - graduação,SÃO LUÍS,MA,Declarado pelo Contribuinte para Apuração do IRPJ e da CSLL,Prouni - Programa Universidade para Todos,"Lei nº 11.096, de 2005.","Programa destinado à concessão de bolsas de estudo integrais e bolsas de estudo parciais de 50% (cinquenta por cento) para estudantes de cursos de graduação e sequenciais de formação específica, em instituições privadas de ensino superior, com ou sem fins lucrativos.",IRPJ,Isenção/redução do IRPJ com base no lucro da exploração.,"7736673,65"
2018_RenúnciasFiscais.csv,47662,2018,03137964000174,ORGANIZACAO PARAENSE EDUCACIONAL E DE EMPREENDIMENTOS LTDA,ORPES,85317,Educação superior - graduação,BELÉM,PA,Declarado pelo Contribuinte para Apuração do IRPJ e da CSLL,Prouni - Programa Universidade para Todos,"Lei nº 11.096, de 2005.","Programa destinado à concessão de bolsas de estudo integrais e bolsas de estudo parciais de 50% (cinquenta por cento) para estudantes de cursos de graduação e sequenciais de formação específica, em instituições privadas de ensino superior, com ou sem fins lucrativos.",IRPJ,Isenção/redução do IRPJ com base no lucro da exploração.,"4005150,04"
2018_RenúnciasFiscais.csv,47887,2018,01710918000197,TV MINAS CENTRO-OESTE LTDA,,60217,Atividades de televisão aberta,DIVINÓPOLIS,MG,Declarado pelo Contribuinte para Apuração do IRPJ e da CSLL,Horário Eleitoral,"Lei nº 9.096, de 1995; art. 50-E; Lei nº 9.504, de 1997, Art. 99","As emissoras de rádio e televisão obrigadas à divulgação gratuita de propaganda partidária e eleitoral, de plebiscitos e de referendos poderão efetuar a compensação fiscal pela cedência do horário gratuito.",IRPJ,Dedução no LALUR,"5860515,60"
2018_RenúnciasFiscais.csv,55882,2018,03186792000129,UNISAOLUIS EDUCACIONAL LTDA,ESTACIO SAO LUIS,85317,Educação superior - graduação,SÃO LUÍS,MA,Declarado pelo Contribuinte para Apuração do IRPJ e da CSLL,Prouni - Programa Universidade para Todos CSLL,"Lei nº 11.096, de 2005.","Programa destinado à concessão de bolsas de estudo integrais e bolsas de estudo parciais de 50% (cinquenta por cento) para estudantes de cursos de graduação e sequenciais de formação específica, em instituições privadas de ensino superior, com ou sem fins lucrativos.",CSLL,Dedução na apuração da CSLL.,"2792788,35"
2018_RenúnciasFiscais.csv,62394,2018,03137964000174,ORGANIZACAO PARAENSE EDUCACIONAL E DE EMPREENDIMENTOS LTDA,ORPES,85317,Educação superior - graduação,BELÉM,PA,Declarado pelo Contribuinte para Apuração do IRPJ e da CSLL,Prouni - Programa Universidade para Todos,"Lei nº 11.096, de 2005.","Programa destinado à concessão de bolsas de estudo integrais e bolsas de estudo parciais de 50% (cinquenta por cento) para estudantes de cursos de graduação e sequenciais de formação específica, em instituições privadas de ensino superior, com ou sem fins lucrativos.",IRPJ,Isenção/redução do IRPJ com base no lucro da exploração.,"4005150,04"
2018_RenúnciasFiscais.csv,62397,2018,03137964000174,ORGANIZACAO PARAENSE EDUCACIONAL E DE EMPREENDIMENTOS LTDA,ORPES,85317,Educação superior - graduação,BELÉM,PA,Declarado pelo Contribuinte para Apuração do IRPJ e da CSLL,Prouni - Programa Universidade para Todos CSLL,"Lei nº 11.096, de 2005.","Programa destinado à concessão de bolsas de estudo integrais e bolsas de estudo parciais de 50% (cinquenta por cento) para estudantes de cursos de graduação e sequenciais de formação específica, em instituições privadas de ensino superior, com ou sem fins lucrativos.",CSLL,Dedução na apuração da CSLL.,"1449930,50"
2018_RenúnciasFiscais.csv,66668,2018,03137964000174,ORGANIZACAO PARAENSE EDUCACIONAL E DE EMPREENDIMENTOS LTDA,ORPES,85317,Educação superior - graduação,BELÉM,PA,Declarado pelo Contribuinte para Apuração do IRPJ e da CSLL,Prouni - Programa Universidade para Todos CSLL,"Lei nº 11.096, de 2005.","Programa destinado à concessão de bolsas de estudo integrais e bolsas de estudo parciais de 50% (cinquenta por cento) para estudantes de cursos de graduação e sequenciais de formação específica, em instituições privadas de ensino superior, com ou sem fins lucrativos.",CSLL,Dedução na apuração da CSLL.,"1449930,50"
2019_RenúnciasFiscais.csv,22417,2019,16925976000105,SAVASSI HOTEL LTDA,,55108,Hotéis e similares,BELO HORIZONTE,MG,Declarado pelo Contribuinte para Apuração do IRPJ e da CSLL,Programa de Alimentação do Trabalhador,"Lei nº 6.321, de 1976, art. 1º; Lei nº 9.532, de 1997, arts. 5º e 6º, inciso I.","Dedução de até 4% (quatro por cento) do imposto devido, antes do adicional.",IRPJ,Dedução na apuração do IRPJ.,"1067,19"
2019_RenúnciasFiscais.csv,38275,2019,10265949006299,COPERSUCAR S.A.,,46818,"Comércio atacadista de combustíveis sólidos, líquidos e gasosos, exceto gás natural e GLP",IPOJUCA,PE,Imposto de Importação e IPI Vinculado,Imposto de Importação,Contingenciamento - Dec. 198996 - PortMf 26996 - Dec. 209196 - PortMf 1697 - Dec Gmc Nº 4919 E Decreto 102912020,"Valor em real do incentivo, renúncia, benefício ou imunidade (IRBI) do Imposto de Importação (II). É a diferença entre o II calculado e o II a recolher.",Imposto de Importação,,"958260,00"
2019_RenúnciasFiscais.csv,44834,2019,18459628000115,BAYER S.A.,,20991,Fabricação de produtos químicos não especificados anteriormente,SÃO PAULO,SP,Declarado pelo Contribuinte para Apuração do IRPJ e da CSLL,Fundos do Idoso,"Lei nº 12.213, de 2010; Lei nº 12.594, de 2012, art. 88.","Dedução, do IRPJ devido em cada período de apuração, do total das doações feitas ao Fundo Nacional do Idoso, devidamente comprovadas, vedada a dedução como despesa operacional.",IRPJ,Dedução na apuração do IRPJ.,"347530,00"
2019_RenúnciasFiscais.csv,49043,2019,18459628000115,BAYER S.A.,,20991,Fabricação de produtos químicos não especificados anteriormente,SÃO PAULO,SP,Declarado pelo Contribuinte para Apuração do IRPJ e da CSLL,Pronac - Programa Nacional de Apoio à Cultura - Dedução do Imposto de Renda,"Lei nº 8.313, de 1991, art. 26, § 1º; Lei nº 9.249, de 1995, art. 13, § 2º, inciso I; Decreto nº 5.761, de 2006, arts. 28 e 30; Lei nº 8.313, de 1991, art. 18, caput e §§ 1º e 3º; Medida Provisória nº 2.228-1, de 2001, art. 39.","Dedução do imposto devido das quantias efetivamente realizadas no período de apuração a título de doações ou patrocínio, tanto mediante contribuições ao Fundo Nacional de Cultura (FNC) na forma de doações.",IRPJ,Dedução na apuração do IRPJ.,"1704120,00"
2019_RenúnciasFiscais.csv,56337,2019,18459628000115,BAYER S.A.,,20991,Fabricação de produtos químicos não especificados anteriormente,SÃO PAULO,SP,Declarado pelo Contribuinte para Apuração do IRPJ e da CSLL,Incentivo ao Desporto,"Lei nº 11.438, de 2006; Lei nº 13.155, de 2015, art. 43.","Dedução, do imposto devido pela pessoa jurídica tributada com base no lucro real, dos valores despendidos a título de patrocínio ou doação, no apoio direto a projetos desportivos e paradesportivos previamente aprovados pelo Ministério do Esporte.",IRPJ,Dedução na apuração do IRPJ.,"347530,00"
2019_RenúnciasFiscais.csv,56678,2019,23314594003630,ALE COMBUSTIVEIS S.A.,ALE COMBUSTIVEIS,46818,"Comércio atacadista de combustíveis sólidos, líquidos e gasosos, exceto gás natural e GLP",SÃO LUÍS,MA,Imposto de Importação e IPI Vinculado,Imposto de Importação,Contingenciamento - Dec. 198996 - PortMf 26996 - Dec. 209196 - PortMf 1697 - Dec Gmc Nº 4919 E Decreto 102912020,"Valor em real do incentivo, renúncia, benefício ou imunidade (IRBI) do Imposto de Importação (II). É a diferença entre o II calculado e o II a recolher.",Imposto de Importação,,"970580,00"
2019_RenúnciasFiscais.csv,59532,2019,22940751000201,DNEDX COMERCIO E SERVICOS PARA PRODUTOS DA SAUDE LTDA,DNEDX,46648,"Comércio atacadista de máquinas, aparelhos e equipamentos para uso odonto-médico-hospitalar; partes e peças",ITAPEVI,SP,Imposto de Importação e IPI Vinculado,Imposto de Importação,"Admissao Temporaria - Dl 3766, Art. 75(Exceto Recipientes, Embalagens E Outros Com Finalidade Semelhante)","Valor em real do incentivo, renúncia, benefício ou imunidade (IRBI) do Imposto de Importação (II). É a diferença entre o II calculado e o II a recolher.",Imposto de Importação,,"2051,00"
2019_RenúnciasFiscais.csv,62406,2019,00338763000147,PLENA SAUDE S.A.,,86101,Atividades de atendimento hospitalar,SÃO PAULO,SP,Declarado pelo Contribuinte para Apuração do IRPJ e da CSLL,Programa de Alimentação do Trabalhador,"Lei nº 6.321, de 1976, art. 1º; Lei nº 9.532, de 1997, arts. 5º e 6º, inciso I.","Dedução de até 4% (quatro por cento) do imposto devido, antes do adicional.",IRPJ,Dedução na apuração do IRPJ.,"65002,46"
2019_RenúnciasFiscais.csv,63836,2019,18459628000115,BAYER S.A.,,20991,Fabricação de produtos químicos não especificados anteriormente,SÃO PAULO,SP,Declarado pelo Contribuinte para Apuração do IRPJ e da CSLL,Pronas/PCD - Programa Nacional de Apoio à Atenção da Saúde da Pessoa com Deficiência,"Lei nº 12.715, de 2012, arts. 1º a 14; Lei nº 12.844, de 2013, art. 28. Lei nº 13.169, de 2015, art. 10.","Dedução, do imposto devido, dos valores correspondentes às doações e aos patrocínios diretamente efetuados em prol de ações e serviços desenvolvidos no âmbito do Pronas/PCD e desenvolvidos por instituições indicadas em lei.",IRPJ,Dedução na apuração do IRPJ.,"347530,00"
2019_RenúnciasFiscais.csv,66288,2019,73767394000181,TSA QUIMICA DO BRASIL LTDA,,20720,Fabricação de tintas de impressão,CRICIÚMA,SC,Declarado pelo Contribuinte para Apuração do IRPJ e da CSLL,Pronon - Programa Nacional de Apoio à Atenção Oncológica,"Lei nº 12.715, de 2012, arts. 1º a 14; Lei nº 12.844, de 2013, art. 28; Lei nº 13.169, de 2015, art. 10.","Dedução, do imposto devido, dos valores correspondentes às doações e aos patrocínios diretamente efetuados em prol de ações e serviços desenvolvidos no âmbito do Pronon e desenvolvidos por instituições indicadas em lei.",IRPJ,Dedução na apuração do IRPJ.,"8000,00"
2019_RenúnciasFiscais.csv,66492,2019,08373694000114,AIRBUS BRASIL NEGOCIOS AEROESPACIAIS LTDA,,61205,Telecomunicações sem fio,SÃO PAULO,SP,Declarado pelo Contribuinte para Apuração do IRPJ e da CSLL,Programa de Alimentação do Trabalhador,"Lei nº 6.321, de 1976, art. 1º; Lei nº 9.532, de 1997, arts. 5º e 6º, inciso I.","Dedução de até 4% (quatro por cento) do imposto devido, antes do adicional.",IRPJ,Dedução na apuração do IRPJ.,"23497,30"
2019_RenúnciasFiscais.csv,66879,2019,18459628000115,BAYER S.A.,,20991,Fabricação de produtos químicos não especificados anteriormente,SÃO PAULO,SP,Declarado pelo Contribuinte para Apuração do IRPJ e da CSLL,Programa de Alimentação do Trabalhador,"Lei nº 6.321, de 1976, art. 1º; Lei nº 9.532, de 1997, arts. 5º e 6º, inciso I.","Dedução de até 4% (quatro por cento) do imposto devido, antes do adicional.",IRPJ,Dedução na apuração do IRPJ.,"2860272,55"
2019_RenúnciasFiscais.csv,69461,2019,22940751000201,DNEDX COMERCIO E SERVICOS PARA PRODUTOS DA SAUDE LTDA,DNEDX,46648,"Comércio atacadista de máquinas, aparelhos e equipamentos para uso odonto-médico-hospitalar; partes e peças",ITAPEVI,SP,PIS/COFINS Vinculados à Importação,PIS,"Bens Submetidos Aos Regimes Aduaneiros Especiais (Lei 10865/04 - Art. 14, Caput)","Valor em real do incentivo, renúncia, benefício ou imunidade (IRBI) da contribuição ao PIS. É a diferença entre o PIS calculado e o PIS a recolher.",PIS,,"308,00"
2019_RenúnciasFiscais.csv,69622,2019,73767394000181,TSA QUIMICA DO BRASIL LTDA,,20720,Fabricação de tintas de impressão,CRICIÚMA,SC,Declarado pelo Contribuinte para Apuração do IRPJ e da CSLL,Incentivo ao Desporto,"Lei nº 11.438, de 2006; Lei nº 13.155, de 2015, art. 43.","Dedução, do imposto devido pela pessoa jurídica tributada com base no lucro real, dos valores despendidos a título de patrocínio ou doação, no apoio direto a projetos desportivos e paradesportivos previamente aprovados pelo Ministério do Esporte.",IRPJ,Dedução na apuração do IRPJ.,"8000,00"
2019_RenúnciasFiscais.csv,70102,2019,02385401000132,SUNFLOWER INDUSTRIA E LABORATORIO FITOTERAPICO LTDA,,10996,Fabricação de produtos alimentícios não especificados anteriormente,ARAÇOIABA DA SERRA,SP,PIS/COFINS Vinculados à Importação,PIS,"Prod Quimicos, Cap 29 - Dec 6426/08, Art 1º, Inc I","Valor em real do incentivo, renúncia, benefício ou imunidade (IRBI) da contribuição ao PIS. É a diferença entre o PIS calculado e o PIS a recolher.",PIS,,"126,00"
2019_RenúnciasFiscais.csv,71451,2019,22940751000201,DNEDX COMERCIO E SERVICOS PARA PRODUTOS DA SAUDE LTDA,DNEDX,46648,"Comércio atacadista de máquinas, aparelhos e equipamentos para uso odonto-médico-hospitalar; partes e peças",ITAPEVI,SP,Imposto de Importação e IPI Vinculado,IPI,"Admissao Temporaria - Dl 3766, Art. 75(Exceto Recipientes, Embalagens E Outros Com Finalidade Semelhante)","Valor em real do incentivo, renúncia, benefício ou imunidade (IRBI) do imposto sobre produtos industrializados (IPI). É a diferença entre o IPI calculado e o IPI a recolher.",IPI,,"89,00"
2019_RenúnciasFiscais.csv,72286,2019,22940751000201,DNEDX COMERCIO E SERVICOS PARA PRODUTOS DA SAUDE LTDA,DNEDX,46648,"Comércio atacadista de máquinas, aparelhos e equipamentos para uso odonto-médico-hospitalar; partes e peças",ITAPEVI,SP,PIS/COFINS Vinculados à Importação,COFINS,"Bens Submetidos Aos Regimes Aduaneiros Especiais (Lei 10865/04 - Art. 14, Caput)","Valor em real do incentivo, renúncia, benefício ou imunidade (IRBI) da COFINS. É a diferença entre a COFINS calculada e a COFINS a recolher.",COFINS,,"1560,00"
2019_RenúnciasFiscais.csv,72948,2019,18459628000115,BAYER S.A.,,20991,Fabricação de produtos químicos não especificados anteriormente,SÃO PAULO,SP,Declarado pelo Contribuinte para Apuração do IRPJ e da CSLL,Pronon - Programa Nacional de Apoio à Atenção Oncológica,"Lei nº 12.715, de 2012, arts. 1º a 14; Lei nº 12.844, de 2013, art. 28; Lei nº 13.169, de 2015, art. 10.","Dedução, do imposto devido, dos valores correspondentes às doações e aos patrocínios diretamente efetuados em prol de ações e serviços desenvolvidos no âmbito do Pronon e desenvolvidos por instituições indicadas em lei.",IRPJ,Dedução na apuração do IRPJ.,"347530,00"
2019_RenúnciasFiscais.csv,73646,2019,18459628000115,BAYER S.A.,,20991,Fabricação de produtos químicos não especificados anteriormente,SÃO PAULO,SP,Declarado pelo Contribuinte para Apuração do IRPJ e da CSLL,Empresa Cidadã,"Lei nº 11.770, de 2008.","Dedução, do imposto devido, do total da remuneração integral paga à empregados, durante os 60 (sessenta) dias de prorrogação da licença maternidade ou 15 (quinze) dias de prorrogação da licença paternidade.",IRPJ,Dedução no cálculo do IRPJ e da CSLL.,"1922899,41"
2020_RenúnciasFiscais.csv,7003,2020,10265949005802,COPERSUCAR S.A.,,46818,"Comércio atacadista de combustíveis sólidos, líquidos e gasosos, exceto gás natural e GLP",PAULÍNIA,SP,Imposto de Importação e IPI Vinculado,Imposto de Importação,Contingenciamento - Dec. 198996 - PortMf 26996 - Dec. 209196 - PortMf 1697 - Dec Gmc Nº 4919 E Decreto 102912020,"Valor em real do incentivo, renúncia, benefício ou imunidade (IRBI) do Imposto de Importação (II). É a diferença entre o II calculado e o II a recolher.",Imposto de Importação,,"1130334,00"
2020_RenúnciasFiscais.csv,14124,2020,03994427000140,SALINOR - SALINAS DO NORDESTE S.A.,,08924,Extração e refino de sal marinho e sal-gema,RIO DE JANEIRO,RJ,Declarado pelo Contribuinte para Apuração do IRPJ e da CSLL,Sudam/Sudene - Redução 75% Projeto Setor Prioritário,"Medida Provisória nº 2.199-14, de 2001, art. 1º; Lei nº 12.715, de 2012, art. 69; Lei nº 12.995, de 2014, art. 10; Lei nº 13.799, de 2019, art. 1º; Decreto nº 9.682, de 2019.","Isenção e redução do imposto de renda para pessoas jurídicas sujeitas à apuração do imposto de renda trimestral ou anual, que gozem dos benefícios fiscais com base no lucro da exploração.",IRPJ,Isenção/redução do IRPJ com base no lucro da exploração.,"552833,90"
2020_RenúnciasFiscais.csv,19648,2020,01710918000197,TV MINAS CENTRO-OESTE LTDA,,60217,Atividades de televisão aberta,DIVINÓPOLIS,MG,Declarado pelo Contribuinte para Apuração do IRPJ e da CSLL,Horário Eleitoral,"Lei nº 9.096, de 1995; art. 50-E; Lei nº 9.504, de 1997, Art. 99","As emissoras de rádio e televisão obrigadas à divulgação gratuita de propaganda partidária e eleitoral, de plebiscitos e de referendos poderão efetuar a compensação fiscal pela cedência do horário gratuito.",IRPJ,Dedução no LALUR,"2548028,00"
2020_RenúnciasFiscais.csv,22412,2020,11463963000148,BCI BRASIL CHINA IMPORTADORA LTDA,BCI BRASIL CHINA IMPORTADORA,46443,Comércio atacadista de produtos farmacêuticos para uso humano e veterinário,CABO DE SANTO AGOSTINHO,PE,Imposto de Importação e IPI Vinculado,Imposto de Importação,Contingenciamento - Dec. 198996 - PortMf 26996 - Dec. 209196 - PortMf 1697 - Dec Gmc Nº 4919 E Decreto 102912020,"Valor em real do incentivo, renúncia, benefício ou imunidade (IRBI) do Imposto de Importação (II). É a diferença entre o II calculado e o II a recolher.",Imposto de Importação,,"977106,00"
2020_RenúnciasFiscais.csv,24832,2020,10265949005802,COPERSUCAR S.A.,,46818,"Comércio atacadista de combustíveis sólidos, líquidos e gasosos, exceto gás natural e GLP",PAULÍNIA,SP,Imposto de Importação e IPI Vinculado,Imposto de Importação,Contingenciamento - Dec. 198996 - PortMf 26996 - Dec. 209196 - PortMf 1697 - Dec Gmc Nº 4919 E Decreto 102912020,"Valor em real do incentivo, renúncia, benefício ou imunidade (IRBI) do Imposto de Importação (II). É a diferença entre o II calculado e o II a recolher.",Imposto de Importação,,"1130334,00"
2020_RenúnciasFiscais.csv,27753,2020,10265949005802,COPERSUCAR S.A.,,46818,"Comércio atacadista de combustíveis sólidos, líquidos e gasosos, exceto gás natural e GLP",PAULÍNIA,SP,Imposto de Importação e IPI Vinculado,Imposto de Importação,Contingenciamento - Dec. 198996 - PortMf 26996 - Dec. 209196 - PortMf 1697 - Dec Gmc Nº 4919 E Decreto 102912020,"Valor em real do incentivo, renúncia, benefício ou imunidade (IRBI) do Imposto de Importação (II). É a diferença entre o II calculado e o II a recolher.",Imposto de Importação,,"1130334,00"
2020_RenúnciasFiscais.csv,31417,2020,13821193000193,AVANTI BRASIL SISTEMAS EOLICOS LTDA.,,00000,Sem informação,EUSÉBIO,CE,Declarado pelo Contribuinte para Apuração do IRPJ e da CSLL,Sudam/Sudene - Redução 75% Projeto Setor Prioritário,"Medida Provisória nº 2.199-14, de 2001, art. 1º; Lei nº 12.715, de 2012, art. 69; Lei nº 12.995, de 2014, art. 10; Lei nº 13.799, de 2019, art. 1º; Decreto nº 9.682, de 2019.","Isenção e redução do imposto de renda para pessoas jurídicas sujeitas à apuração do imposto de renda trimestral ou anual, que gozem dos benefícios fiscais com base no lucro da exploração.",IRPJ,Isenção/redução do IRPJ com base no lucro da exploração.,"135994,91"
2020_RenúnciasFiscais.csv,33676,2020,16640849000160,RADIO BELO HORIZONTE LTDA,,60101,Atividades de rádio,BELO HORIZONTE,MG,Declarado pelo Contribuinte para Apuração do IRPJ e da CSLL,Horário Eleitoral,"Lei nº 9.096, de 1995; art. 50-E; Lei nº 9.504, de 1997, Art. 99","As emissoras de rádio e televisão obrigadas à divulgação gratuita de propaganda partidária e eleitoral, de plebiscitos e de referendos poderão efetuar a compensação fiscal pela cedência do horário gratuito.",IRPJ,Dedução no LALUR,"455486,78"
2020_RenúnciasFiscais.csv,33819,2020,10265949005802,COPERSUCAR S.A.,,46818,"Comércio atacadista de combustíveis sólidos, líquidos e gasosos, exceto gás natural e GLP",PAULÍNIA,SP,Imposto de Importação e IPI Vinculado,Imposto de Importação,Contingenciamento - Dec. 198996 - PortMf 26996 - Dec. 209196 - PortMf 1697 - Dec Gmc Nº 4919 E Decreto 102912020,"Valor em real do incentivo, renúncia, benefício ou imunidade (IRBI) do Imposto de Importação (II). É a diferença entre o II calculado e o II a recolher.",Imposto de Importação,,"1130334,00"
2020_RenúnciasFiscais.csv,35942,2020,01165165000186,IMPEXTRACO LATIN AMERICA COMERCIO E INDUSTRIA DE PRODUTOS PARA NUTRICAO LTDA.,,46231,"Comércio atacadista de animais vivos, alimentos para animais e matérias-primas agrícolas, exceto café e soja",CURITIBA,PR,Declarado pelo Contribuinte para Apuração do IRPJ e da CSLL,Pronac - Programa Nacional de Apoio à Cultura - Dedução do Imposto de Renda,"Lei nº 8.313, de 1991, art. 26, § 1º; Lei nº 9.249, de 1995, art. 13, § 2º, inciso I; Decreto nº 5.761, de 2006, arts. 28 e 30; Lei nº 8.313, de 1991, art. 18, caput e §§ 1º e 3º; Medida Provisória nº 2.228-1, de 2001, art. 39.","Dedução do imposto devido das quantias efetivamente realizadas no período de apuração a título de doações ou patrocínio, tanto mediante contribuições ao Fundo Nacional de Cultura (FNC) na forma de doações.",IRPJ,Dedução na apuração do IRPJ.,"40000,00"
2020_RenúnciasFiscais.csv,37845,2020,03994427000140,SALINOR - SALINAS DO NORDESTE S.A.,,08924,Extração e refino de sal marinho e sal-gema,RIO DE JANEIRO,RJ,Declarado pelo Contribuinte para Apuração do IRPJ e da CSLL,Sudam/Sudene - Redução 75% Projeto Setor Prioritário,"Medida Provisória nº 2.199-14, de 2001, art. 1º; Lei nº 12.715, de 2012, art. 69; Lei nº 12.995, de 2014, art. 10; Lei nº 13.799, de 2019, art. 1º; Decreto nº 9.682, de 2019.","Isenção e redução do imposto de renda para pessoas jurídicas sujeitas à apuração do imposto de renda trimestral ou anual, que gozem dos benefícios fiscais com base no lucro da exploração.",IRPJ,Isenção/redução do IRPJ com base no lucro da exploração.,"552833,90"
2020_RenúnciasFiscais.csv,47138,2020,61089835000154,GUARANY INDUSTRIA E COMERCIO LTDA,GUARANY,28330,"Fabricação de máquinas e equipamentos para a agricultura e pecuária, exceto para irrigação",ITU,SP,Declarado pelo Contribuinte para Apuração do IRPJ e da CSLL,Programa de Alimentação do Trabalhador,"Lei nº 6.321, de 1976, art. 1º; Lei nº 9.532, de 1997, arts. 5º e 6º, inciso I.","Dedução de até 4% (quatro por cento) do imposto devido, antes do adicional.",IRPJ,Dedução na apuração do IRPJ.,"24069,84"
2020_RenúnciasFiscais.csv,47687,2020,10265949005802,COPERSUCAR S.A.,,46818,"Comércio atacadista de combustíveis sólidos, líquidos e gasosos, exceto gás natural e GLP",PAULÍNIA,SP,Imposto de Importação e IPI Vinculado,Imposto de Importação,Contingenciamento - Dec. 198996 - PortMf 26996 - Dec. 209196 - PortMf 1697 - Dec Gmc Nº 4919 E Decreto 102912020,"Valor em real do incentivo, renúncia, benefício ou imunidade (IRBI) do Imposto de Importação (II). É a diferença entre o II calculado e o II a recolher.",Imposto de Importação,,"1130334,00"
2020_RenúnciasFiscais.csv,48622,2020,55483564000467,SETTA COMBUSTIVEIS LTDA,,46818,"Comércio atacadista de combustíveis sólidos, líquidos e gasosos, exceto gás natural e GLP",CHÃ DE ALEGRIA,PE,Imposto de Importação e IPI Vinculado,Imposto de Importação,Contingenciamento - Dec. 198996 - PortMf 26996 - Dec. 209196 - PortMf 1697 - Dec Gmc Nº 4919 E Decreto 102912020,"Valor em real do incentivo, renúncia, benefício ou imunidade (IRBI) do Imposto de Importação (II). É a diferença entre o II calculado e o II a recolher.",Imposto de Importação,,"1066861,00"
2020_RenúnciasFiscais.csv,49387,2020,55483564001005,SETTA COMBUSTIVEIS LTDA,,46818,"Comércio atacadista de combustíveis sólidos, líquidos e gasosos, exceto gás natural e GLP",SÃO LUÍS,MA,Imposto de Importação e IPI Vinculado,Imposto de Importação,Contingenciamento - Dec. 198996 - PortMf 26996 - Dec. 209196 - PortMf 1697 - Dec Gmc Nº 4919 E Decreto 102912020,"Valor em real do incentivo, renúncia, benefício ou imunidade (IRBI) do Imposto de Importação (II). É a diferença entre o II calculado e o II a recolher.",Imposto de Importação,,"907419,00"
2020_RenúnciasFiscais.csv,49898,2020,08800454000159,OSM DO BRASIL GERENCIAMENTO DE OPERACOES MARITIMAS LTDA,,50301,Navegação de apoio,RIO DE JANEIRO,RJ,Declarado pelo Contribuinte para Apuração do IRPJ e da CSLL,Empresa Cidadã,"Lei nº 11.770, de 2008.","Dedução, do imposto devido, do total da remuneração integral paga à empregados, durante os 60 (sessenta) dias de prorrogação da licença maternidade ou 15 (quinze) dias de prorrogação da licença paternidade.",IRPJ,Dedução no cálculo do IRPJ e da CSLL.,"73582,70"
2020_RenúnciasFiscais.csv,51121,2020,01165165000186,IMPEXTRACO LATIN AMERICA COMERCIO E INDUSTRIA DE PRODUTOS PARA NUTRICAO LTDA.,,46231,"Comércio atacadista de animais vivos, alimentos para animais e matérias-primas agrícolas, exceto café e soja",CURITIBA,PR,Declarado pelo Contribuinte para Apuração do IRPJ e da CSLL,Programa de Alimentação do Trabalhador,"Lei nº 6.321, de 1976, art. 1º; Lei nº 9.532, de 1997, arts. 5º e 6º, inciso I.","Dedução de até 4% (quatro por cento) do imposto devido, antes do adicional.",IRPJ,Dedução na apuração do IRPJ.,"47547,91"
2020_RenúnciasFiscais.csv,52017,2020,17463456000190,PATRUS TRANSPORTES LTDA,,49302,Transporte rodoviário de carga,CONTAGEM,MG,Declarado pelo Contribuinte para Apuração do IRPJ e da CSLL,Fundos de Direitos da Criança e do Adolescente,"Lei nº 8.069, de 1990, art. 260; Lei nº 12.594, de 2012, art. 87.","Dedução, do imposto de renda devido em cada período de apuração, das doações efetuadas aos Fundos dos Direitos da Criança e do Adolescente nacional, estaduais ou municipais, devidamente comprovados, observados os limites legais.",IRPJ,Dedução na apuração do IRPJ.,"81000,00"
2020_RenúnciasFiscais.csv,54150,2020,10265949005802,COPERSUCAR S.A.,,46818,"Comércio atacadista de combustíveis sólidos, líquidos e gasosos, exceto gás natural e GLP",PAULÍNIA,SP,Imposto de Importação e IPI Vinculado,Imposto de Importação,Contingenciamento - Dec. 198996 - PortMf 26996 - Dec. 209196 - PortMf 1697 - Dec Gmc Nº 4919 E Decreto 102912020,"Valor em real do incentivo, renúncia, benefício ou imunidade (IRBI) do Imposto de Importação (II). É a diferença entre o II calculado e o II a recolher.",Imposto de Importação,,"1130334,00"
2020_RenúnciasFiscais.csv,55184,2020,48315477000192,MOVEIS PROVINCIA INDUSTRIA E COMERCIO LTDA,,31012,Fabricação de móveis com predominância de madeira,GUAPIAÇU,SP,Declarado pelo Contribuinte para Apuração do IRPJ e da CSLL,Programa de Alimentação do Trabalhador,"Lei nº 6.321, de 1976, art. 1º; Lei nº 9.532, de 1997, arts. 5º e 6º, inciso I.","Dedução de até 4% (quatro por cento) do imposto devido, antes do adicional.",IRPJ,Dedução na apuração do IRPJ.,"60924,88"
2020_RenúnciasFiscais.csv,56799,2020,53653945000179,TELEVISAO SOROCABA LTDA,,60217,Atividades de televisão aberta,SOROCABA,SP,Declarado pelo Contribuinte para Apuração do IRPJ e da CSLL,Horário Eleitoral,"Lei nº 9.096, de 1995; art. 50-E; Lei nº 9.504, de 1997, Art. 99","As emissoras de rádio e televisão obrigadas à divulgação gratuita de propaganda partidária e eleitoral, de plebiscitos e de referendos poderão efetuar a compensação fiscal pela cedência do horário gratuito.",IRPJ,Dedução no LALUR,"1445249,20"
2020_RenúnciasFiscais.csv,60445,2020,05075152000177,MUNDIAL LOGISTICA INTEGRADA LTDA,,52117,Armazenamento,GUARULHOS,SP,Declarado pelo Contribuinte para Apuração do IRPJ e da CSLL,Programa de Alimentação do Trabalhador,"Lei nº 6.321, de 1976, art. 1º; Lei nº 9.532, de 1997, arts. 5º e 6º, inciso I.","Dedução de até 4% (quatro por cento) do imposto devido, antes do adicional.",IRPJ,Dedução na apuração do IRPJ.,"16456,30"
2020_RenúnciasFiscais.csv,60716,2020,55483564000114,SETTA COMBUSTIVEIS LTDA,,46818,"Comércio atacadista de combustíveis sólidos, líquidos e gasosos, exceto gás natural e GLP",CABO DE SANTO AGOSTINHO,PE,Imposto de Importação e IPI Vinculado,Imposto de Importação,Contingenciamento - Dec. 198996 - PortMf 26996 - Dec. 209196 - PortMf 1697 - Dec Gmc Nº 4919 E Decreto 102912020,"Valor em real do incentivo, renúncia, benefício ou imunidade (IRBI) do Imposto de Importação (II). É a diferença entre o II calculado e o II a recolher.",Imposto de Importação,,"1221935,00"
2020_RenúnciasFiscais.csv,60927,2020,55483564001005,SETTA COMBUSTIVEIS LTDA,,46818,"Comércio atacadista de combustíveis sólidos, líquidos e gasosos, exceto gás natural e GLP",SÃO LUÍS,MA,Imposto de Importação e IPI Vinculado,Imposto de Importação,Contingenciamento - Dec. 198996 - PortMf 26996 - Dec. 209196 - PortMf 1697 - Dec Gmc Nº 4919 E Decreto 102912020,"Valor em real do incentivo, renúncia, benefício ou imunidade (IRBI) do Imposto de Importação (II). É a diferença entre o II calculado e o II a recolher.",Imposto de Importação,,"945242,00"
2020_RenúnciasFiscais.csv,62167,2020,17463456000190,PATRUS TRANSPORTES LTDA,,49302,Transporte rodoviário de carga,CONTAGEM,MG,Declarado pelo Contribuinte para Apuração do IRPJ e da CSLL,Pronac - Programa Nacional de Apoio à Cultura - Dedução do Imposto de Renda,"Lei nº 8.313, de 1991, art. 26, § 1º; Lei nº 9.249, de 1995, art. 13, § 2º, inciso I; Decreto nº 5.761, de 2006, arts. 28 e 30; Lei nº 8.313, de 1991, art. 18, caput e §§ 1º e 3º; Medida Provisória nº 2.228-1, de 2001, art. 39.","Dedução do imposto devido das quantias efetivamente realizadas no período de apuração a título de doações ou patrocínio, tanto mediante contribuições ao Fundo Nacional de Cultura (FNC) na forma de doações.",IRPJ,Dedução na apuração do IRPJ.,"327000,00"
2020_RenúnciasFiscais.csv,64536,2020,01134191000147,SERVIX INFORMATICA LTDA,SERVIX,46516,"Comércio atacadista de computadores, periféricos e suprimentos de informática",SÃO PAULO,SP,Declarado pelo Contribuinte para Apuração do IRPJ e da CSLL,Programa de Alimentação do Trabalhador,"Lei nº 6.321, de 1976, art. 1º; Lei nº 9.532, de 1997, arts. 5º e 6º, inciso I.","Dedução de até 4% (quatro por cento) do imposto devido, antes do adicional.",IRPJ,Dedução na apuração do IRPJ.,"70614,65"
2020_RenúnciasFiscais.csv,66297,2020,60885761000108,BUHLER INDUSTRIA E COMERCIO DE EQUIPAMENTOS INDUSTRIAIS LTDA.,,28623,"Fabricação de máquinas e equipamentos para as indústrias de alimentos, bebidas e fumo",CURITIBA,PR,Declarado pelo Contribuinte para Apuração do IRPJ e da CSLL,Programa de Alimentação do Trabalhador,"Lei nº 6.321, de 1976, art. 1º; Lei nº 9.532, de 1997, arts. 5º e 6º, inciso I.","Dedução de até 4% (quatro por cento) do imposto devido, antes do adicional.",IRPJ,Dedução na apuração do IRPJ.,"49509,71"
2020_RenúnciasFiscais.csv,66361,2020,82647165000114,COOPERATIVA DE PRODUCAO E ABASTECIMENTO DO VALE DO ITAJAI,COOPER,47113,"Comércio varejista de mercadorias em geral, com predominância de produtos alimentícios - hipermercados e supermercados",BLUMENAU,SC,Declarado pelo Contribuinte para Apuração do IRPJ e da CSLL,Pronac - Programa Nacional de Apoio à Cultura - Dedução do Imposto de Renda,"Lei nº 8.313, de 1991, art. 26, § 1º; Lei nº 9.249, de 1995, art. 13, § 2º, inciso I; Decreto nº 5.761, de 2006, arts. 28 e 30; Lei nº 8.313, de 1991, art. 18, caput e §§ 1º e 3º; Medida Provisória nº 2.228-1, de 2001, art. 39.","Dedução do imposto devido das quantias efetivamente realizadas no período de apuração a título de doações ou patrocínio, tanto mediante contribuições ao Fundo Nacional de Cultura (FNC) na forma de doações.",IRPJ,Dedução na apuração do IRPJ.,"30000,00"
2020_RenúnciasFiscais.csv,66973,2020,17463456000190,PATRUS TRANSPORTES LTDA,,49302,Transporte rodoviário de carga,CONTAGEM,MG,Declarado pelo Contribuinte para Apuração do IRPJ e da CSLL,Incentivo ao Desporto,"Lei nº 11.438, de 2006; Lei nº 13.155, de 2015, art. 43.","Dedução, do imposto devido pela pessoa jurídica tributada com base no lucro real, dos valores despendidos a título de patrocínio ou doação, no apoio direto a projetos desportivos e paradesportivos previamente aprovados pelo Ministério do Esporte.",IRPJ,Dedução na apuração do IRPJ.,"81000,00"
2020_RenúnciasFiscais.csv,67120,2020,17463456000190,PATRUS TRANSPORTES LTDA,,49302,Transporte rodoviário de carga,CONTAGEM,MG,Declarado pelo Contribuinte para Apuração do IRPJ e da CSLL,Fundos do Idoso,"Lei nº 12.213, de 2010; Lei nº 12.594, de 2012, art. 88.","Dedução, do IRPJ devido em cada período de apuração, do total das doações feitas ao Fundo Nacional do Idoso, devidamente comprovadas, vedada a dedução como despesa operacional.",IRPJ,Dedução na apuração do IRPJ.,"81000,00"
2020_RenúnciasFiscais.csv,68852,2020,10265949006299,COPERSUCAR S.A.,,46818,"Comércio atacadista de combustíveis sólidos, líquidos e gasosos, exceto gás natural e GLP",IPOJUCA,PE,Imposto de Importação e IPI Vinculado,Imposto de Importação,Contingenciamento - Dec. 198996 - PortMf 26996 - Dec. 209196 - PortMf 1697 - Dec Gmc Nº 4919 E Decreto 102912020,"Valor em real do incentivo, renúncia, benefício ou imunidade (IRBI) do Imposto de Importação (II). É a diferença entre o II calculado e o II a recolher.",Imposto de Importação,,"997418,00"
2020_RenúnciasFiscais.csv,69556,2020,41080722001071,DISLUB COMBUSTIVEIS S.A.,DISLUB,46818,"Comércio atacadista de combustíveis sólidos, líquidos e gasosos, exceto gás natural e GLP",SÃO LUÍS,MA,Imposto de Importação e IPI Vinculado,Imposto de Importação,Contingenciamento - Dec. 198996 - PortMf 26996 - Dec. 209196 - PortMf 1697 - Dec Gmc Nº 4919 E Decreto 102912020,"Valor em real do incentivo, renúncia, benefício ou imunidade (IRBI) do Imposto de Importação (II). É a diferença entre o II calculado e o II a recolher.",Imposto de Importação,,"945242,00"
2020_RenúnciasFiscais.csv,69771,2020,05073264000270,ATLANTIMPORT COMERCIAL S/A,,46818,"Comércio atacadista de combustíveis sólidos, líquidos e gasosos, exceto gás natural e GLP",SÃO LUÍS,MA,Imposto de Importação e IPI Vinculado,Imposto de Importação,Contingenciamento - Dec. 198996 - PortMf 26996 - Dec. 209196 - PortMf 1697 - Dec Gmc Nº 4919 E Decreto 102912020,"Valor em real do incentivo, renúncia, benefício ou imunidade (IRBI) do Imposto de Importação (II). É a diferença entre o II calculado e o II a recolher.",Imposto de Importação,,"1062761,00"
2020_RenúnciasFiscais.csv,70636,2020,41080722001071,DISLUB COMBUSTIVEIS S.A.,DISLUB,46818,"Comércio atacadista de combustíveis sólidos, líquidos e gasosos, exceto gás natural e GLP",SÃO LUÍS,MA,Imposto de Importação e IPI Vinculado,Imposto de Importação,Contingenciamento - Dec. 198996 - PortMf 26996 - Dec. 209196 - PortMf 1697 - Dec Gmc Nº 4919 E Decreto 102912020,"Valor em real do incentivo, renúncia, benefício ou imunidade (IRBI) do Imposto de Importação (II). É a diferença entre o II calculado e o II a recolher.",Imposto de Importação,,"1065800,00"
2020_RenúnciasFiscais.csv,70885,2020,10265949006299,COPERSUCAR S.A.,,46818,"Comércio atacadista de combustíveis sólidos, líquidos e gasosos, exceto gás natural e GLP",IPOJUCA,PE,Imposto de Importação e IPI Vinculado,Imposto de Importação,Contingenciamento - Dec. 198996 - PortMf 26996 - Dec. 209196 - PortMf 1697 - Dec Gmc Nº 4919 E Decreto 102912020,"Valor em real do incentivo, renúncia, benefício ou imunidade (IRBI) do Imposto de Importação (II). É a diferença entre o II calculado e o II a recolher.",Imposto de Importação,,"997418,00"
2020_RenúnciasFiscais.csv,72145,2020,10265949006299,COPERSUCAR S.A.,,46818,"Comércio atacadista de combustíveis sólidos, líquidos e gasosos, exceto gás natural e GLP",IPOJUCA,PE,Imposto de Importação e IPI Vinculado,Imposto de Importação,Contingenciamento - Dec. 198996 - PortMf 26996 - Dec. 209196 - PortMf 1697 - Dec Gmc Nº 4919 E Decreto 102912020,"Valor em real do incentivo, renúncia, benefício ou imunidade (IRBI) do Imposto de Importação (II). É a diferença entre o II calculado e o II a recolher.",Imposto de Importação,,"997418,00"
2020_RenúnciasFiscais.csv,73683,2020,05380369000786,FAN - DISTRIBUIDORA DE PETROLEO LTDA,FAN DISTRIBUIDORA DE PETROLEO LTDA,46818,"Comércio atacadista de combustíveis sólidos, líquidos e gasosos, exceto gás natural e GLP",SÃO LUÍS,MA,Imposto de Importação e IPI Vinculado,Imposto de Importação,Contingenciamento - Dec. 198996 - PortMf 26996 - Dec. 209196 - PortMf 1697 - Dec Gmc Nº 4919 E Decreto 102912020,"Valor em real do incentivo, renúncia, benefício ou imunidade (IRBI) do Imposto de Importação (II). É a diferença entre o II calculado e o II a recolher.",Imposto de Importação,,"1065800,00"
2020_RenúnciasFiscais.csv,74036,2020,17463456000190,PATRUS TRANSPORTES LTDA,,49302,Transporte rodoviário de carga,CONTAGEM,MG,Declarado pelo Contribuinte para Apuração do IRPJ e da CSLL,Programa de Alimentação do Trabalhador,"Lei nº 6.321, de 1976, art. 1º; Lei nº 9.532, de 1997, arts. 5º e 6º, inciso I.","Dedução de até 4% (quatro por cento) do imposto devido, antes do adicional.",IRPJ,Dedução na apuração do IRPJ.,"396235,56"
2020_RenúnciasFiscais.csv,77823,2020,23314594002669,ALE COMBUSTIVEIS S.A.,,46818,"Comércio atacadista de combustíveis sólidos, líquidos e gasosos, exceto gás natural e GLP",CABO DE SANTO AGOSTINHO,PE,Imposto de Importação e IPI Vinculado,Imposto de Importação,Contingenciamento - Dec. 198996 - PortMf 26996 - Dec. 209196 - PortMf 1697 - Dec Gmc Nº 4919 E Decreto 102912020,"Valor em real do incentivo, renúncia, benefício ou imunidade (IRBI) do Imposto de Importação (II). É a diferença entre o II calculado e o II a recolher.",Imposto de Importação,,"1215217,00"
2021_RenúnciasFiscais.csv,7004,2021,18675185000108,E-PALETES FABRICACAO E COMERCIO ATACADISTA DE PALETES DE MADEIRA LTDA.,E-PALETES,16293,"Fabricação de artefatos de madeira, palha, cortiça, vime e material trançado não especificados anteriormente, exceto móveis",MARECHAL DEODORO,AL,Declarado pelo Contribuinte para Apuração do IRPJ e da CSLL,Programa de Alimentação do Trabalhador,"Lei nº 6.321, de 1976, art. 1º; Lei nº 9.532, de 1997, arts. 5º e 6º, inciso I.","Dedução de até 4% (quatro por cento) do imposto devido, antes do adicional.",IRPJ,Dedução na apuração do IRPJ.,"665,69"
2021_RenúnciasFiscais.csv,7390,2021,03356967000107,CAMPOS NOVOS ENERGIA S.A.,ENERCAN,00000,Sem informação,CAMPOS NOVOS,SC,Declarado pelo Contribuinte para Apuração do IRPJ e da CSLL,Fundos de Direitos da Criança e do Adolescente,"Lei nº 8.069, de 1990, art. 260; Lei nº 12.594, de 2012, art. 87.","Dedução, do imposto de renda devido em cada período de apuração, das doações efetuadas aos Fundos dos Direitos da Criança e do Adolescente nacional, estaduais ou municipais, devidamente comprovados, observados os limites legais.",IRPJ,Dedução na apuração do IRPJ.,"447725,26"
2021_RenúnciasFiscais.csv,15147,2021,35854264000197,UV PACK COMERCIO E SERVICOS DE ACABAMENTOS GRAFICOS LTDA,UV PACK,18229,Serviços de acabamentos gráficos,SÃO PAULO,SP,Declarado pelo Contribuinte para Apuração do IRPJ e da CSLL,Programa de Alimentação do Trabalhador,"Lei nº 6.321, de 1976, art. 1º; Lei nº 9.532, de 1997, arts. 5º e 6º, inciso I.","Dedução de até 4% (quatro por cento) do imposto devido, antes do adicional.",IRPJ,Dedução na apuração do IRPJ.,"41725,62"
2021_RenúnciasFiscais.csv,18093,2021,43691393000130,GENCO QUIMICA INDUSTRIAL LTDA,,20991,Fabricação de produtos químicos não especificados anteriormente,GUARULHOS,SP,Declarado pelo Contribuinte para Apuração do IRPJ e da CSLL,Programa de Alimentação do Trabalhador,"Lei nº 6.321, de 1976, art. 1º; Lei nº 9.532, de 1997, arts. 5º e 6º, inciso I.","Dedução de até 4% (quatro por cento) do imposto devido, antes do adicional.",IRPJ,Dedução na apuração do IRPJ.,"54764,69"
2021_RenúnciasFiscais.csv,19855,2021,03356967000107,CAMPOS NOVOS ENERGIA S.A.,ENERCAN,00000,Sem informação,CAMPOS NOVOS,SC,Declarado pelo Contribuinte para Apuração do IRPJ e da CSLL,Fundos do Idoso,"Lei nº 12.213, de 2010; Lei nº 12.594, de 2012, art. 88.","Dedução, do IRPJ devido em cada período de apuração, do total das doações feitas ao Fundo Nacional do Idoso, devidamente comprovadas, vedada a dedução como despesa operacional.",IRPJ,Dedução na apuração do IRPJ.,"531308,86"
2021_RenúnciasFiscais.csv,21559,2021,03356967000107,CAMPOS NOVOS ENERGIA S.A.,ENERCAN,00000,Sem informação,CAMPOS NOVOS,SC,Declarado pelo Contribuinte para Apuração do IRPJ e da CSLL,Programa de Alimentação do Trabalhador,"Lei nº 6.321, de 1976, art. 1º; Lei nº 9.532, de 1997, arts. 5º e 6º, inciso I.","Dedução de até 4% (quatro por cento) do imposto devido, antes do adicional.",IRPJ,Dedução na apuração do IRPJ.,"33750,32"
2021_RenúnciasFiscais.csv,25256,2021,11662449000131,EUROPRESTIGIO DISTRIBUICAO E COMERCIO DE ARTIGOS DE LUXO LTDA.,,47814,Comércio varejista de artigos do vestuário e acessórios,SÃO PAULO,SP,Declarado pelo Contribuinte para Apuração do IRPJ e da CSLL,Programa de Alimentação do Trabalhador,"Lei nº 6.321, de 1976, art. 1º; Lei nº 9.532, de 1997, arts. 5º e 6º, inciso I.","Dedução de até 4% (quatro por cento) do imposto devido, antes do adicional.",IRPJ,Dedução na apuração do IRPJ.,"150745,81"
2021_RenúnciasFiscais.csv,27811,2021,60885761000108,BUHLER INDUSTRIA E COMERCIO DE EQUIPAMENTOS INDUSTRIAIS LTDA.,,28623,"Fabricação de máquinas e equipamentos para as indústrias de alimentos, bebidas e fumo",CURITIBA,PR,Declarado pelo Contribuinte para Apuração do IRPJ e da CSLL,Programa de Alimentação do Trabalhador,"Lei nº 6.321, de 1976, art. 1º; Lei nº 9.532, de 1997, arts. 5º e 6º, inciso I.","Dedução de até 4% (quatro por cento) do imposto devido, antes do adicional.",IRPJ,Dedução na apuração do IRPJ.,"8980,69"
2021_RenúnciasFiscais.csv,28773,2021,03572323000148,ORMAZABAL DO BRASIL EQUIPAMENTOS DE DISTRIBUICAO DE ENERGIA ELETRICA LTDA,ORMAZABAL DO BRASIL,46737,Comércio atacadista de material elétrico,SÃO PAULO,SP,Declarado pelo Contribuinte para Apuração do IRPJ e da CSLL,Sudam/Sudene - Redução 75% Projeto Setor Prioritário,"Medida Provisória nº 2.199-14, de 2001, art. 1º; Lei nº 12.715, de 2012, art. 69; Lei nº 12.995, de 2014, art. 10; Lei nº 13.799, de 2019, art. 1º; Decreto nº 9.682, de 2019.","Isenção e redução do imposto de renda para pessoas jurídicas sujeitas à apuração do imposto de renda trimestral ou anual, que gozem dos benefícios fiscais com base no lucro da exploração.",IRPJ,Isenção/redução do IRPJ com base no lucro da exploração.,"8965582,09"
2021_RenúnciasFiscais.csv,31817,2021,00656468000139,SOMA/PR COMERCIO DE PRODUTOS HOSPITALARES LTDA,SOMA/PR PRODUTOS HOSPITALARES,46443,Comércio atacadista de produtos farmacêuticos para uso humano e veterinário,CURITIBA,PR,Declarado pelo Contribuinte para Apuração do IRPJ e da CSLL,Fundos do Idoso,"Lei nº 12.213, de 2010; Lei nº 12.594, de 2012, art. 88.","Dedução, do IRPJ devido em cada período de apuração, do total das doações feitas ao Fundo Nacional do Idoso, devidamente comprovadas, vedada a dedução como despesa operacional.",IRPJ,Dedução na apuração do IRPJ.,"10000,00"
2021_RenúnciasFiscais.csv,33064,2021,13821193000193,AVANTI BRASIL SISTEMAS EOLICOS LTDA.,,00000,Sem informação,EUSÉBIO,CE,Declarado pelo Contribuinte para Apuração do IRPJ e da CSLL,Programa de Alimentação do Trabalhador,"Lei nº 6.321, de 1976, art. 1º; Lei nº 9.532, de 1997, arts. 5º e 6º, inciso I.","Dedução de até 4% (quatro por cento) do imposto devido, antes do adicional.",IRPJ,Dedução na apuração do IRPJ.,"29299,43"
2021_RenúnciasFiscais.csv,34357,2021,18459628000115,BAYER S.A.,,20991,Fabricação de produtos químicos não especificados anteriormente,SÃO PAULO,SP,Declarado pelo Contribuinte para Apuração do IRPJ e da CSLL,Pronon - Programa Nacional de Apoio à Atenção Oncológica,"Lei nº 12.715, de 2012, arts. 1º a 14; Lei nº 12.844, de 2013, art. 28; Lei nº 13.169, de 2015, art. 10.","Dedução, do imposto devido, dos valores correspondentes às doações e aos patrocínios diretamente efetuados em prol de ações e serviços desenvolvidos no âmbito do Pronon e desenvolvidos por instituições indicadas em lei.",IRPJ,Dedução na apuração do IRPJ.,"189166,10"
2021_RenúnciasFiscais.csv,37699,2021,03572323000148,ORMAZABAL DO BRASIL EQUIPAMENTOS DE DISTRIBUICAO DE ENERGIA ELETRICA LTDA,ORMAZABAL DO BRASIL,46737,Comércio atacadista de material elétrico,SÃO PAULO,SP,Declarado pelo Contribuinte para Apuração do IRPJ e da CSLL,Programa de Alimentação do Trabalhador,"Lei nº 6.321, de 1976, art. 1º; Lei nº 9.532, de 1997, arts. 5º e 6º, inciso I.","Dedução de até 4% (quatro por cento) do imposto devido, antes do adicional.",IRPJ,Dedução na apuração do IRPJ.,"36650,81"
2021_RenúnciasFiscais.csv,37768,2021,02147467000194,GESTAMP BRASIL INDUSTRIA DE AUTOPECAS S/A,,29492,Fabricação de peças e acessórios para veículos automotores não especificados anteriormente,SÃO JOSÉ DOS PINHAIS,PR,Declarado pelo Contribuinte para Apuração do IRPJ e da CSLL,Programa Rota 2030 IR,"Medida Provisória nº 843, de 2018; Lei nº 13.755, de 2018, art. 11; Decreto nº 9.557, de 2018, art.19.",Dedução para o desenvolvimento do setor automotivo no País.,IRPJ,Dedução na apuração do IRPJ.,"1217117,65"
2021_RenúnciasFiscais.csv,46102,2021,54505052000149,MINALBA ALIMENTOS E BEBIDAS LTDA,,11216,Fabricação de águas envasadas,FORTALEZA,CE,Declarado pelo Contribuinte para Apuração do IRPJ e da CSLL,Finor - Fundo de Investimentos do Nordeste,"Lei nº 8.167, de 1991, art. 9º; Medida Provisória nº 2.199-14, de 2001, art. 4º; Medida Provisória nº 2.156-5, de 2001, art. 32, inciso XVIII; Medida Provisória nº 2.157-5, de 2001, art. 32, inciso IV; Lei nº 9.532, de 1997, art. 4º, § 1º; Lei nº 12.995,","Aplicação de pessoas jurídicas ou grupos de empresas coligadas de que trata o art. 9º da Lei nº 8.167, de 1991, alterado pela Medida Provisória nº 2.199-14, de 2001, titulares de empreendimento de setor da economia considerado, em ato do Poder Executivo, prioritário para o desenvolvimento regional, aprovado ou protocolizado até 2 de maio de 2001 nas áreas da Sudam e da Sudene",IRPJ,Aplicação em incentivos fiscais.,"50230,55"
2021_RenúnciasFiscais.csv,48135,2021,03356967000107,CAMPOS NOVOS ENERGIA S.A.,ENERCAN,00000,Sem informação,CAMPOS NOVOS,SC,Declarado pelo Contribuinte para Apuração do IRPJ e da CSLL,Incentivo ao Desporto,"Lei nº 11.438, de 2006; Lei nº 13.155, de 2015, art. 43.","Dedução, do imposto devido pela pessoa jurídica tributada com base no lucro real, dos valores despendidos a título de patrocínio ou doação, no apoio direto a projetos desportivos e paradesportivos previamente aprovados pelo Ministério do Esporte.",IRPJ,Dedução na apuração do IRPJ.,"462000,00"
2021_RenúnciasFiscais.csv,52063,2021,13821193000193,AVANTI BRASIL SISTEMAS EOLICOS LTDA.,,00000,Sem informação,EUSÉBIO,CE,Declarado pelo Contribuinte para Apuração do IRPJ e da CSLL,Sudam/Sudene - Redução 75% Projeto Setor Prioritário,"Medida Provisória nº 2.199-14, de 2001, art. 1º; Lei nº 12.715, de 2012, art. 69; Lei nº 12.995, de 2014, art. 10; Lei nº 13.799, de 2019, art. 1º; Decreto nº 9.682, de 2019.","Isenção e redução do imposto de renda para pessoas jurídicas sujeitas à apuração do imposto de renda trimestral ou anual, que gozem dos benefícios fiscais com base no lucro da exploração.",IRPJ,Isenção/redução do IRPJ com base no lucro da exploração.,"863892,35"
2021_RenúnciasFiscais.csv,53845,2021,05075152000177,MUNDIAL LOGISTICA INTEGRADA LTDA,,52117,Armazenamento,GUARULHOS,SP,Declarado pelo Contribuinte para Apuração do IRPJ e da CSLL,Programa de Alimentação do Trabalhador,"Lei nº 6.321, de 1976, art. 1º; Lei nº 9.532, de 1997, arts. 5º e 6º, inciso I.","Dedução de até 4% (quatro por cento) do imposto devido, antes do adicional.",IRPJ,Dedução na apuração do IRPJ.,"28524,10"
2021_RenúnciasFiscais.csv,54606,2021,33482241000173,GENERAL ELECTRIC DO BRASIL LTDA,,64620,Holdings de instituições não-financeiras,SÃO PAULO,SP,Declarado pelo Contribuinte para Apuração do IRPJ e da CSLL,Empresa Cidadã,"Lei nº 11.770, de 2008.","Dedução, do imposto devido, do total da remuneração integral paga à empregados, durante os 60 (sessenta) dias de prorrogação da licença maternidade ou 15 (quinze) dias de prorrogação da licença paternidade.",IRPJ,Dedução no cálculo do IRPJ e da CSLL.,"84708,05"
2021_RenúnciasFiscais.csv,55263,2021,02147467000194,GESTAMP BRASIL INDUSTRIA DE AUTOPECAS S/A,,29492,Fabricação de peças e acessórios para veículos automotores não especificados anteriormente,SÃO JOSÉ DOS PINHAIS,PR,Declarado pelo Contribuinte para Apuração do IRPJ e da CSLL,Programa Rota 2030 CSLL,"Medida Provisória nº 843, de 2018; Lei nº 13.755, de 2018, art. 11; Decreto nº 9.557, de 2018, art. 19.",Dedução para o desenvolvimento do setor automotivo no País.,CSLL,Dedução na apuração da CSLL.,"438162,35"
2021_RenúnciasFiscais.csv,55551,2021,00026910000143,SWEETMIX INDUSTRIA COMERCIO IMPORTACAO E EXPORTACAO LTDA,,10996,Fabricação de produtos alimentícios não especificados anteriormente,SOROCABA,SP,Declarado pelo Contribuinte para Apuração do IRPJ e da CSLL,Fundos do Idoso,"Lei nº 12.213, de 2010; Lei nº 12.594, de 2012, art. 88.","Dedução, do IRPJ devido em cada período de apuração, do total das doações feitas ao Fundo Nacional do Idoso, devidamente comprovadas, vedada a dedução como despesa operacional.",IRPJ,Dedução na apuração do IRPJ.,"930,00"
2021_RenúnciasFiscais.csv,57953,2021,33482241000173,GENERAL ELECTRIC DO BRASIL LTDA,,64620,Holdings de instituições não-financeiras,SÃO PAULO,SP,Declarado pelo Contribuinte para Apuração do IRPJ e da CSLL,Programa de Alimentação do Trabalhador,"Lei nº 6.321, de 1976, art. 1º; Lei nº 9.532, de 1997, arts. 5º e 6º, inciso I.","Dedução de até 4% (quatro por cento) do imposto devido, antes do adicional.",IRPJ,Dedução na apuração do IRPJ.,"427828,49"
2021_RenúnciasFiscais.csv,58952,2021,18459628000115,BAYER S.A.,,20991,Fabricação de produtos químicos não especificados anteriormente,SÃO PAULO,SP,Declarado pelo Contribuinte para Apuração do IRPJ e da CSLL,Fundos do Idoso,"Lei nº 12.213, de 2010; Lei nº 12.594, de 2012, art. 88.","Dedução, do IRPJ devido em cada período de apuração, do total das doações feitas ao Fundo Nacional do Idoso, devidamente comprovadas, vedada a dedução como despesa operacional.",IRPJ,Dedução na apuração do IRPJ.,"1568830,09"
2021_RenúnciasFiscais.csv,59683,2021,03356967000107,CAMPOS NOVOS ENERGIA S.A.,ENERCAN,00000,Sem informação,CAMPOS NOVOS,SC,Declarado pelo Contribuinte para Apuração do IRPJ e da CSLL,Pronac - Programa Nacional de Apoio à Cultura - Dedução do Imposto de Renda,"Lei nº 8.313, de 1991, art. 26, § 1º; Lei nº 9.249, de 1995, art. 13, § 2º, inciso I; Decreto nº 5.761, de 2006, arts. 28 e 30; Lei nº 8.313, de 1991, art. 18, caput e §§ 1º e 3º; Medida Provisória nº 2.228-1, de 2001, art. 39.","Dedução do imposto devido das quantias efetivamente realizadas no período de apuração a título de doações ou patrocínio, tanto mediante contribuições ao Fundo Nacional de Cultura (FNC) na forma de doações.",IRPJ,Dedução na apuração do IRPJ.,"1044627,57"
2021_RenúnciasFiscais.csv,60500,2021,15540549000146,BFT PARANA ACADEMIAS DE GINASTICA LTDA,FIT FOR FREE,93131,Atividades de condicionamento físico,CURITIBA,PR,Declarado pelo Contribuinte para Apuração do IRPJ e da CSLL,Programa de Alimentação do Trabalhador,"Lei nº 6.321, de 1976, art. 1º; Lei nº 9.532, de 1997, arts. 5º e 6º, inciso I.","Dedução de até 4% (quatro por cento) do imposto devido, antes do adicional.",IRPJ,Dedução na apuração do IRPJ.,"913,90"
2021_RenúnciasFiscais.csv,61375,2021,05364486000160,KRONES DO BRASIL LTDA.,,28623,"Fabricação de máquinas e equipamentos para as indústrias de alimentos, bebidas e fumo",DIADEMA,SP,Declarado pelo Contribuinte para Apuração do IRPJ e da CSLL,Programa de Alimentação do Trabalhador,"Lei nº 6.321, de 1976, art. 1º; Lei nº 9.532, de 1997, arts. 5º e 6º, inciso I.","Dedução de até 4% (quatro por cento) do imposto devido, antes do adicional.",IRPJ,Dedução na apuração do IRPJ.,"269765,33"
2021_RenúnciasFiscais.csv,63837,2021,18459628000115,BAYER S.A.,,20991,Fabricação de produtos químicos não especificados anteriormente,SÃO PAULO,SP,Declarado pelo Contribuinte para Apuração do IRPJ e da CSLL,Empresa Cidadã,"Lei nº 11.770, de 2008.","Dedução, do imposto devido, do total da remuneração integral paga à empregados, durante os 60 (sessenta) dias de prorrogação da licença maternidade ou 15 (quinze) dias de prorrogação da licença paternidade.",IRPJ,Dedução no cálculo do IRPJ e da CSLL.,"1800801,44"
2021_RenúnciasFiscais.csv,65631,2021,18459628000115,BAYER S.A.,,20991,Fabricação de produtos químicos não especificados anteriormente,SÃO PAULO,SP,Declarado pelo Contribuinte para Apuração do IRPJ e da CSLL,Pronac - Programa Nacional de Apoio à Cultura - Dedução do Imposto de Renda,"Lei nº 8.313, de 1991, art. 26, § 1º; Lei nº 9.249, de 1995, art. 13, § 2º, inciso I; Decreto nº 5.761, de 2006, arts. 28 e 30; Lei nº 8.313, de 1991, art. 18, caput e §§ 1º e 3º; Medida Provisória nº 2.228-1, de 2001, art. 39.","Dedução do imposto devido das quantias efetivamente realizadas no período de apuração a título de doações ou patrocínio, tanto mediante contribuições ao Fundo Nacional de Cultura (FNC) na forma de doações.",IRPJ,Dedução na apuração do IRPJ.,"6275320,36"
2021_RenúnciasFiscais.csv,69720,2021,02147467000194,GESTAMP BRASIL INDUSTRIA DE AUTOPECAS S/A,,29492,Fabricação de peças e acessórios para veículos automotores não especificados anteriormente,SÃO JOSÉ DOS PINHAIS,PR,Declarado pelo Contribuinte para Apuração do IRPJ e da CSLL,Pronac - Programa Nacional de Apoio à Cultura - Dedução do Imposto de Renda,"Lei nº 8.313, de 1991, art. 26, § 1º; Lei nº 9.249, de 1995, art. 13, § 2º, inciso I; Decreto nº 5.761, de 2006, arts. 28 e 30; Lei nº 8.313, de 1991, art. 18, caput e §§ 1º e 3º; Medida Provisória nº 2.228-1, de 2001, art. 39.","Dedução do imposto devido das quantias efetivamente realizadas no período de apuração a título de doações ou patrocínio, tanto mediante contribuições ao Fundo Nacional de Cultura (FNC) na forma de doações.",IRPJ,Dedução na apuração do IRPJ.,"34235,22"
2021_RenúnciasFiscais.csv,72140,2021,00314544000128,T.H.R. INDUSTRIA E COMERCIO DE EMBALAGENS LTDA,,22226,Fabricação de embalagens de material plástico,SÃO PAULO,SP,Imposto de Importação e IPI Vinculado,Imposto de Importação,"Drawback - Dl 3766, Art 78,I (Isencao) - Dl 3766, Art. 78,Ii (Suspensao) - Lei 840292, Art. 1,I","Valor em real do incentivo, renúncia, benefício ou imunidade (IRBI) do Imposto de Importação (II). É a diferença entre o II calculado e o II a recolher.",Imposto de Importação,,"47831,00"
2021_RenúnciasFiscais.csv,73771,2021,33051491000159,LABORATORIOS PIERRE FABRE DO BRASIL LTDA,,20631,"Fabricação de cosméticos, produtos de perfumaria e de higiene pessoal",AREAL,RJ,Declarado pelo Contribuinte para Apuração do IRPJ e da CSLL,Programa de Alimentação do Trabalhador,"Lei nº 6.321, de 1976, art. 1º; Lei nº 9.532, de 1997, arts. 5º e 6º, inciso I.","Dedução de até 4% (quatro por cento) do imposto devido, antes do adicional.",IRPJ,Dedução na apuração do IRPJ.,"195740,21"
2021_RenúnciasFiscais.csv,74999,2021,18675185000108,E-PALETES FABRICACAO E COMERCIO ATACADISTA DE PALETES DE MADEIRA LTDA.,E-PALETES,16293,"Fabricação de artefatos de madeira, palha, cortiça, vime e material trançado não especificados anteriormente, exceto móveis",MARECHAL DEODORO,AL,Declarado pelo Contribuinte para Apuração do IRPJ e da CSLL,Sudam/Sudene - Redução 75% Projeto Setor Prioritário,"Medida Provisória nº 2.199-14, de 2001, art. 1º; Lei nº 12.715, de 2012, art. 69; Lei nº 12.995, de 2014, art. 10; Lei nº 13.799, de 2019, art. 1º; Decreto nº 9.682, de 2019.","Isenção e redução do imposto de renda para pessoas jurídicas sujeitas à apuração do imposto de renda trimestral ou anual, que gozem dos benefícios fiscais com base no lucro da exploração.",IRPJ,Isenção/redução do IRPJ com base no lucro da exploração.,"249508,52"
2021_RenúnciasFiscais.csv,75397,2021,08800454000159,OSM DO BRASIL GERENCIAMENTO DE OPERACOES MARITIMAS LTDA,,50301,Navegação de apoio,RIO DE JANEIRO,RJ,Declarado pelo Contribuinte para Apuração do IRPJ e da CSLL,Empresa Cidadã,"Lei nº 11.770, de 2008.","Dedução, do imposto devido, do total da remuneração integral paga à empregados, durante os 60 (sessenta) dias de prorrogação da licença maternidade ou 15 (quinze) dias de prorrogação da licença paternidade.",IRPJ,Dedução no cálculo do IRPJ e da CSLL.,"47743,55"
2021_RenúnciasFiscais.csv,75993,2021,18459628000115,BAYER S.A.,,20991,Fabricação de produtos químicos não especificados anteriormente,SÃO PAULO,SP,Declarado pelo Contribuinte para Apuração do IRPJ e da CSLL,Incentivo ao Desporto,"Lei nº 11.438, de 2006; Lei nº 13.155, de 2015, art. 43.","Dedução, do imposto devido pela pessoa jurídica tributada com base no lucro real, dos valores despendidos a título de patrocínio ou doação, no apoio direto a projetos desportivos e paradesportivos previamente aprovados pelo Ministério do Esporte.",IRPJ,Dedução na apuração do IRPJ.,"1568830,09"
2021_RenúnciasFiscais.csv,77130,2021,18459628000115,BAYER S.A.,,20991,Fabricação de produtos químicos não especificados anteriormente,SÃO PAULO,SP,Declarado pelo Contribuinte para Apuração do IRPJ e da CSLL,Fundos de Direitos da Criança e do Adolescente,"Lei nº 8.069, de 1990, art. 260; Lei nº 12.594, de 2012, art. 87.","Dedução, do imposto de renda devido em cada período de apuração, das doações efetuadas aos Fundos dos Direitos da Criança e do Adolescente nacional, estaduais ou municipais, devidamente comprovados, observados os limites legais.",IRPJ,Dedução na apuração do IRPJ.,"1568830,09"
2021_RenúnciasFiscais.csv,77133,2021,18459628000115,BAYER S.A.,,20991,Fabricação de produtos químicos não especificados anteriormente,SÃO PAULO,SP,Declarado pelo Contribuinte para Apuração do IRPJ e da CSLL,Programa de Alimentação do Trabalhador,"Lei nº 6.321, de 1976, art. 1º; Lei nº 9.532, de 1997, arts. 5º e 6º, inciso I.","Dedução de até 4% (quatro por cento) do imposto devido, antes do adicional.",IRPJ,Dedução na apuração do IRPJ.,"6588333,81"
2021_RenúnciasFiscais.csv,78790,2021,02147467000194,GESTAMP BRASIL INDUSTRIA DE AUTOPECAS S/A,,29492,Fabricação de peças e acessórios para veículos automotores não especificados anteriormente,SÃO JOSÉ DOS PINHAIS,PR,Declarado pelo Contribuinte para Apuração do IRPJ e da CSLL,Programa de Alimentação do Trabalhador,"Lei nº 6.321, de 1976, art. 1º; Lei nº 9.532, de 1997, arts. 5º e 6º, inciso I.","Dedução de até 4% (quatro por cento) do imposto devido, antes do adicional.",IRPJ,Dedução na apuração do IRPJ.,"120974,71"
2021_RenúnciasFiscais.csv,79503,2021,88695366000173,ROXO - ATACADO E VAREJO LTDA,SUPERMERCADO ROXO,47113,"Comércio varejista de mercadorias em geral, com predominância de produtos alimentícios - hipermercados e supermercados",CAMAQUÃ,RS,Declarado pelo Contribuinte para Apuração do IRPJ e da CSLL,Fundos de Direitos da Criança e do Adolescente,"Lei nº 8.069, de 1990, art. 260; Lei nº 12.594, de 2012, art. 87.","Dedução, do imposto de renda devido em cada período de apuração, das doações efetuadas aos Fundos dos Direitos da Criança e do Adolescente nacional, estaduais ou municipais, devidamente comprovados, observados os limites legais.",IRPJ,Dedução na apuração do IRPJ.,"5468,66"
2021_RenúnciasFiscais.csv,79629,2021,33051491000159,LABORATORIOS PIERRE FABRE DO BRASIL LTDA,,20631,"Fabricação de cosméticos, produtos de perfumaria e de higiene pessoal",AREAL,RJ,Declarado pelo Contribuinte para Apuração do IRPJ e da CSLL,Empresa Cidadã,"Lei nº 11.770, de 2008.","Dedução, do imposto devido, do total da remuneração integral paga à empregados, durante os 60 (sessenta) dias de prorrogação da licença maternidade ou 15 (quinze) dias de prorrogação da licença paternidade.",IRPJ,Dedução no cálculo do IRPJ e da CSLL.,"10408,86"
2022_RenúnciasFiscais.csv,1836,2022,10928920000128,RAIX SEMENTES S.A.,RAIX SEMENTES,01415,Produção de sementes certificadas,SÃO MIGUEL DO OESTE,SC,Declarado pelo Contribuinte para Apuração do IRPJ e da CSLL,Programa de Alimentação do Trabalhador,"Lei nº 6.321, de 1976, art. 1º; Lei nº 9.532, de 1997, arts. 5º e 6º, inciso I.","Dedução de até 4% (quatro por cento) do imposto devido, antes do adicional.",IRPJ,Dedução na apuração do IRPJ.,"3096,83"
2022_RenúnciasFiscais.csv,5480,2022,33051491000159,LABORATORIOS PIERRE FABRE DO BRASIL LTDA,,20631,"Fabricação de cosméticos, produtos de perfumaria e de higiene pessoal",AREAL,RJ,Declarado pelo Contribuinte para Apuração do IRPJ e da CSLL,Programa de Alimentação do Trabalhador,"Lei nº 6.321, de 1976, art. 1º; Lei nº 9.532, de 1997, arts. 5º e 6º, inciso I.","Dedução de até 4% (quatro por cento) do imposto devido, antes do adicional.",IRPJ,Dedução na apuração do IRPJ.,"296268,75"
2022_RenúnciasFiscais.csv,18231,2022,17247891000188,SA RADIO GUARANI,RADIO GUARANI,60101,Atividades de rádio,BELO HORIZONTE,MG,Declarado pelo Contribuinte para Apuração do IRPJ e da CSLL,Horário Eleitoral,"Lei nº 9.096, de 1995; art. 50-E; Lei nº 9.504, de 1997, Art. 99","As emissoras de rádio e televisão obrigadas à divulgação gratuita de propaganda partidária e eleitoral, de plebiscitos e de referendos poderão efetuar a compensação fiscal pela cedência do horário gratuito.",IRPJ,Dedução no LALUR,"2315424,00"
2022_RenúnciasFiscais.csv,20922,2022,02147467000194,GESTAMP BRASIL INDUSTRIA DE AUTOPECAS S/A,,29492,Fabricação de peças e acessórios para veículos automotores não especificados anteriormente,SÃO JOSÉ DOS PINHAIS,PR,Declarado pelo Contribuinte para Apuração do IRPJ e da CSLL,Fundos de Direitos da Criança e do Adolescente,"Lei nº 8.069, de 1990, art. 260; Lei nº 12.594, de 2012, art. 87.","Dedução, do imposto de renda devido em cada período de apuração, das doações efetuadas aos Fundos dos Direitos da Criança e do Adolescente nacional, estaduais ou municipais, devidamente comprovados, observados os limites legais.",IRPJ,Dedução na apuração do IRPJ.,"34150,54"
2022_RenúnciasFiscais.csv,28803,2022,19570720000110,HIPOLABOR FARMACEUTICA LTDA,,00000,Sem informação,SABARÁ,MG,Declarado pelo Contribuinte para Apuração do IRPJ e da CSLL,Fundos de Direitos da Criança e do Adolescente,"Lei nº 8.069, de 1990, art. 260; Lei nº 12.594, de 2012, art. 87.","Dedução, do imposto de renda devido em cada período de apuração, das doações efetuadas aos Fundos dos Direitos da Criança e do Adolescente nacional, estaduais ou municipais, devidamente comprovados, observados os limites legais.",IRPJ,Dedução na apuração do IRPJ.,"164302,91"
2022_RenúnciasFiscais.csv,36290,2022,02147467000194,GESTAMP BRASIL INDUSTRIA DE AUTOPECAS S/A,,29492,Fabricação de peças e acessórios para veículos automotores não especificados anteriormente,SÃO JOSÉ DOS PINHAIS,PR,Declarado pelo Contribuinte para Apuração do IRPJ e da CSLL,Programa Rota 2030 CSLL,"Medida Provisória nº 843, de 2018; Lei nº 13.755, de 2018, art. 11; Decreto nº 9.557, de 2018, art. 19.",Dedução para o desenvolvimento do setor automotivo no País.,CSLL,Dedução na apuração da CSLL.,"833945,90"
2022_RenúnciasFiscais.csv,38820,2022,25175246000125,XIX DE FEVEREIRO RESTAURANTE LTDA,,56112,Restaurantes e outros estabelecimentos de serviços de alimentação e bebidas,RIO DE JANEIRO,RJ,Declarado pelo Contribuinte para Apuração do IRPJ e da CSLL,Programa Emergencial de Retomada do Setor de Eventos (Perse) - IRPJ,"Lei nº 14.148, de 2021, art. 4.","Redução de alíquota a 0% (zero por cento) de IRPJ pelo prazo de 60 (sessenta) meses, a partir de março de 2022, incidentes sobre o resultado auferido pelas pessoas jurídicas pertencentes ao setor de eventos, que exercem as atividades econômicas elencadas no art. 4º.",IRPJ,Redução de alíquota de IRPJ.,"10876,24"
2022_RenúnciasFiscais.csv,44237,2022,02147467000194,GESTAMP BRASIL INDUSTRIA DE AUTOPECAS S/A,,29492,Fabricação de peças e acessórios para veículos automotores não especificados anteriormente,SÃO JOSÉ DOS PINHAIS,PR,Declarado pelo Contribuinte para Apuração do IRPJ e da CSLL,Programa Rota 2030 IR,"Medida Provisória nº 843, de 2018; Lei nº 13.755, de 2018, art. 11; Decreto nº 9.557, de 2018, art.19.",Dedução para o desenvolvimento do setor automotivo no País.,IRPJ,Dedução na apuração do IRPJ.,"2316516,31"
2022_RenúnciasFiscais.csv,48923,2022,02910917000159,TELEVISAO RIO FORMOSO LTDA,TV ANHANGUERA,60217,Atividades de televisão aberta,GURUPI,TO,Declarado pelo Contribuinte para Apuração do IRPJ e da CSLL,Horário Eleitoral,"Lei nº 9.096, de 1995; art. 50-E; Lei nº 9.504, de 1997, Art. 99","As emissoras de rádio e televisão obrigadas à divulgação gratuita de propaganda partidária e eleitoral, de plebiscitos e de referendos poderão efetuar a compensação fiscal pela cedência do horário gratuito.",IRPJ,Dedução no LALUR,"3254132,99"
2022_RenúnciasFiscais.csv,49443,2022,85778074000106,METALURGICA RIOSULENSE SA,RIOSULENSE,29417,Fabricação de peças e acessórios para o sistema motor de veículos automotores,RIO DO SUL,SC,Declarado pelo Contribuinte para Apuração do IRPJ e da CSLL,Incentivo ao Desporto,"Lei nº 11.438, de 2006; Lei nº 13.155, de 2015, art. 43.","Dedução, do imposto devido pela pessoa jurídica tributada com base no lucro real, dos valores despendidos a título de patrocínio ou doação, no apoio direto a projetos desportivos e paradesportivos previamente aprovados pelo Ministério do Esporte.",IRPJ,Dedução na apuração do IRPJ.,"15000,00"
2022_RenúnciasFiscais.csv,50595,2022,06907719000197,F A G DE OLIVEIRA LTDA,EBEM - EMPRESA BRASILEIRA DE ENGENHARIA MEDICA,71120,Serviços de engenharia,JABOATÃO DOS GUARARAPES,PE,Declarado pelo Contribuinte para Apuração do IRPJ e da CSLL,Programa de Alimentação do Trabalhador,"Lei nº 6.321, de 1976, art. 1º; Lei nº 9.532, de 1997, arts. 5º e 6º, inciso I.","Dedução de até 4% (quatro por cento) do imposto devido, antes do adicional.",IRPJ,Dedução na apuração do IRPJ.,"1187,08"
2022_RenúnciasFiscais.csv,50790,2022,41026931000146,M & M DISTRIBUIDORA DE OVOS LTDA,VALE OVOS,46338,Comércio atacadista de hortifrutigranjeiros,PETROLINA,PE,Declarado pelo Contribuinte para Apuração do IRPJ e da CSLL,Fundos de Direitos da Criança e do Adolescente,"Lei nº 8.069, de 1990, art. 260; Lei nº 12.594, de 2012, art. 87.","Dedução, do imposto de renda devido em cada período de apuração, das doações efetuadas aos Fundos dos Direitos da Criança e do Adolescente nacional, estaduais ou municipais, devidamente comprovados, observados os limites legais.",IRPJ,Dedução na apuração do IRPJ.,"1115,18"
2022_RenúnciasFiscais.csv,54248,2022,62158480000170,DANFOSS DO BRASIL INDUSTRIA E COMERCIO LTDA,,28232,Fabricação de máquinas e aparelhos de refrigeração e ventilação para uso industrial e comercial,OSASCO,SP,Declarado pelo Contribuinte para Apuração do IRPJ e da CSLL,Programa de Alimentação do Trabalhador,"Lei nº 6.321, de 1976, art. 1º; Lei nº 9.532, de 1997, arts. 5º e 6º, inciso I.","Dedução de até 4% (quatro por cento) do imposto devido, antes do adicional.",IRPJ,Dedução na apuração do IRPJ.,"126885,00"
2022_RenúnciasFiscais.csv,54811,2022,05244002000140,POPI EXPERIENCIAS LTDA,POPI,82300,"Atividades de organização de eventos, exceto culturais e esportivos",SÃO PAULO,SP,Declarado pelo Contribuinte para Apuração do IRPJ e da CSLL,Programa Emergencial de Retomada do Setor de Eventos (Perse) - CSLL,"Lei nº 14.148, de 2021, art. 4.","Redução de alíquota a 0% (zero por cento) da CSLL pelo prazo de 60 (sessenta) meses, a partir de março de 2022, incidentes sobre o resultado auferido pelas pessoas jurídicas pertencentes ao setor de eventos, que exercem as atividades econômicas elencadas no art. 4º.",CSLL,Redução de alíquota da CSLL.,"131704,58"
2022_RenúnciasFiscais.csv,55724,2022,00322648000184,SUMIRIKO DO BRASIL INDUSTRIA DE BORRACHAS LTDA,SRK-BI,22196,Fabricação de artefatos de borracha não especificados anteriormente,MATEUS LEME,MG,Declarado pelo Contribuinte para Apuração do IRPJ e da CSLL,Programa de Alimentação do Trabalhador,"Lei nº 6.321, de 1976, art. 1º; Lei nº 9.532, de 1997, arts. 5º e 6º, inciso I.","Dedução de até 4% (quatro por cento) do imposto devido, antes do adicional.",IRPJ,Dedução na apuração do IRPJ.,"2400,76"
2022_RenúnciasFiscais.csv,59483,2022,21353568000166,PAGSEGURO BIVA SERVICOS FINANCEIROS LTDA,,66193,Atividades auxiliares dos serviços financeiros não especificadas anteriormente,SÃO PAULO,SP,Declarado pelo Contribuinte para Apuração do IRPJ e da CSLL,Incentivo ao Desporto,"Lei nº 11.438, de 2006; Lei nº 13.155, de 2015, art. 43.","Dedução, do imposto devido pela pessoa jurídica tributada com base no lucro real, dos valores despendidos a título de patrocínio ou doação, no apoio direto a projetos desportivos e paradesportivos previamente aprovados pelo Ministério do Esporte.",IRPJ,Dedução na apuração do IRPJ.,"1000,00"
2022_RenúnciasFiscais.csv,62161,2022,33051491000159,LABORATORIOS PIERRE FABRE DO BRASIL LTDA,,20631,"Fabricação de cosméticos, produtos de perfumaria e de higiene pessoal",AREAL,RJ,Declarado pelo Contribuinte para Apuração do IRPJ e da CSLL,Empresa Cidadã,"Lei nº 11.770, de 2008.","Dedução, do imposto devido, do total da remuneração integral paga à empregados, durante os 60 (sessenta) dias de prorrogação da licença maternidade ou 15 (quinze) dias de prorrogação da licença paternidade.",IRPJ,Dedução no cálculo do IRPJ e da CSLL.,"110035,97"
2022_RenúnciasFiscais.csv,64428,2022,05244002000140,POPI EXPERIENCIAS LTDA,POPI,82300,"Atividades de organização de eventos, exceto culturais e esportivos",SÃO PAULO,SP,Declarado pelo Contribuinte para Apuração do IRPJ e da CSLL,Programa Emergencial de Retomada do Setor de Eventos (Perse) - IRPJ,"Lei nº 14.148, de 2021, art. 4.","Redução de alíquota a 0% (zero por cento) de IRPJ pelo prazo de 60 (sessenta) meses, a partir de março de 2022, incidentes sobre o resultado auferido pelas pessoas jurídicas pertencentes ao setor de eventos, que exercem as atividades econômicas elencadas no art. 4º.",IRPJ,Redução de alíquota de IRPJ.,"353507,00"
2022_RenúnciasFiscais.csv,65175,2022,03364555000100,C - PACK CREATIVE PACKAGING S/A,,22226,Fabricação de embalagens de material plástico,SÃO JOSÉ,SC,Declarado pelo Contribuinte para Apuração do IRPJ e da CSLL,Empresa Cidadã,"Lei nº 11.770, de 2008.","Dedução, do imposto devido, do total da remuneração integral paga à empregados, durante os 60 (sessenta) dias de prorrogação da licença maternidade ou 15 (quinze) dias de prorrogação da licença paternidade.",IRPJ,Dedução no cálculo do IRPJ e da CSLL.,"65247,72"
2022_RenúnciasFiscais.csv,66064,2022,19570720000110,HIPOLABOR FARMACEUTICA LTDA,,00000,Sem informação,SABARÁ,MG,Declarado pelo Contribuinte para Apuração do IRPJ e da CSLL,Pronac - Programa Nacional de Apoio à Cultura - Dedução do Imposto de Renda,"Lei nº 8.313, de 1991, art. 26, § 1º; Lei nº 9.249, de 1995, art. 13, § 2º, inciso I; Decreto nº 5.761, de 2006, arts. 28 e 30; Lei nº 8.313, de 1991, art. 18, caput e §§ 1º e 3º; Medida Provisória nº 2.228-1, de 2001, art. 39.","Dedução do imposto devido das quantias efetivamente realizadas no período de apuração a título de doações ou patrocínio, tanto mediante contribuições ao Fundo Nacional de Cultura (FNC) na forma de doações.",IRPJ,Dedução na apuração do IRPJ.,"581000,00"
2022_RenúnciasFiscais.csv,66415,2022,19570720000110,HIPOLABOR FARMACEUTICA LTDA,,00000,Sem informação,SABARÁ,MG,Declarado pelo Contribuinte para Apuração do IRPJ e da CSLL,Programa de Alimentação do Trabalhador,"Lei nº 6.321, de 1976, art. 1º; Lei nº 9.532, de 1997, arts. 5º e 6º, inciso I.","Dedução de até 4% (quatro por cento) do imposto devido, antes do adicional.",IRPJ,Dedução na apuração do IRPJ.,"566054,48"
2022_RenúnciasFiscais.csv,66696,2022,21353568000166,PAGSEGURO BIVA SERVICOS FINANCEIROS LTDA,,66193,Atividades auxiliares dos serviços financeiros não especificadas anteriormente,SÃO PAULO,SP,Declarado pelo Contribuinte para Apuração do IRPJ e da CSLL,Fundos do Idoso,"Lei nº 12.213, de 2010; Lei nº 12.594, de 2012, art. 88.","Dedução, do IRPJ devido em cada período de apuração, do total das doações feitas ao Fundo Nacional do Idoso, devidamente comprovadas, vedada a dedução como despesa operacional.",IRPJ,Dedução na apuração do IRPJ.,"1000,00"
2022_RenúnciasFiscais.csv,67503,2022,02147467000194,GESTAMP BRASIL INDUSTRIA DE AUTOPECAS S/A,,29492,Fabricação de peças e acessórios para veículos automotores não especificados anteriormente,SÃO JOSÉ DOS PINHAIS,PR,Declarado pelo Contribuinte para Apuração do IRPJ e da CSLL,Programa de Alimentação do Trabalhador,"Lei nº 6.321, de 1976, art. 1º; Lei nº 9.532, de 1997, arts. 5º e 6º, inciso I.","Dedução de até 4% (quatro por cento) do imposto devido, antes do adicional.",IRPJ,Dedução na apuração do IRPJ.,"668704,22"
2022_RenúnciasFiscais.csv,67561,2022,03572323000148,ORMAZABAL DO BRASIL EQUIPAMENTOS DE DISTRIBUICAO DE ENERGIA ELETRICA LTDA,ORMAZABAL DO BRASIL,46737,Comércio atacadista de material elétrico,SÃO PAULO,SP,Declarado pelo Contribuinte para Apuração do IRPJ e da CSLL,Sudam/Sudene - Redução 75% Projeto Setor Prioritário,"Medida Provisória nº 2.199-14, de 2001, art. 1º; Lei nº 12.715, de 2012, art. 69; Lei nº 12.995, de 2014, art. 10; Lei nº 13.799, de 2019, art. 1º; Decreto nº 9.682, de 2019.","Isenção e redução do imposto de renda para pessoas jurídicas sujeitas à apuração do imposto de renda trimestral ou anual, que gozem dos benefícios fiscais com base no lucro da exploração.",IRPJ,Isenção/redução do IRPJ com base no lucro da exploração.,"6285100,97"
2022_RenúnciasFiscais.csv,68246,2022,09531045000167,CORSUL - COMERCIO DE PRODUTOS PARA INDUSTRIA LTDA,CORSUL COMERCIAL,46427,Comércio atacadista de artigos do vestuário e acessórios,SÃO JOSÉ,SC,Declarado pelo Contribuinte para Apuração do IRPJ e da CSLL,Pronac - Programa Nacional de Apoio à Cultura - Dedução do Imposto de Renda,"Lei nº 8.313, de 1991, art. 26, § 1º; Lei nº 9.249, de 1995, art. 13, § 2º, inciso I; Decreto nº 5.761, de 2006, arts. 28 e 30; Lei nº 8.313, de 1991, art. 18, caput e §§ 1º e 3º; Medida Provisória nº 2.228-1, de 2001, art. 39.","Dedução do imposto devido das quantias efetivamente realizadas no período de apuração a título de doações ou patrocínio, tanto mediante contribuições ao Fundo Nacional de Cultura (FNC) na forma de doações.",IRPJ,Dedução na apuração do IRPJ.,"3200,00"
2022_RenúnciasFiscais.csv,69048,2022,25175246000125,XIX DE FEVEREIRO RESTAURANTE LTDA,,56112,Restaurantes e outros estabelecimentos de serviços de alimentação e bebidas,RIO DE JANEIRO,RJ,Declarado pelo Contribuinte para Apuração do IRPJ e da CSLL,Programa Emergencial de Retomada do Setor de Eventos (Perse) - CSLL,"Lei nº 14.148, de 2021, art. 4.","Redução de alíquota a 0% (zero por cento) da CSLL pelo prazo de 60 (sessenta) meses, a partir de março de 2022, incidentes sobre o resultado auferido pelas pessoas jurídicas pertencentes ao setor de eventos, que exercem as atividades econômicas elencadas no art. 4º.",CSLL,Redução de alíquota da CSLL.,"9113,09"
2022_RenúnciasFiscais.csv,69202,2022,11662449000131,EUROPRESTIGIO DISTRIBUICAO E COMERCIO DE ARTIGOS DE LUXO LTDA.,,47814,Comércio varejista de artigos do vestuário e acessórios,SÃO PAULO,SP,Declarado pelo Contribuinte para Apuração do IRPJ e da CSLL,Programa de Alimentação do Trabalhador,"Lei nº 6.321, de 1976, art. 1º; Lei nº 9.532, de 1997, arts. 5º e 6º, inciso I.","Dedução de até 4% (quatro por cento) do imposto devido, antes do adicional.",IRPJ,Dedução na apuração do IRPJ.,"226771,34"
2022_RenúnciasFiscais.csv,70662,2022,02147467000194,GESTAMP BRASIL INDUSTRIA DE AUTOPECAS S/A,,29492,Fabricação de peças e acessórios para veículos automotores não especificados anteriormente,SÃO JOSÉ DOS PINHAIS,PR,Declarado pelo Contribuinte para Apuração do IRPJ e da CSLL,Pronac - Programa Nacional de Apoio à Cultura - Dedução do Imposto de Renda,"Lei nº 8.313, de 1991, art. 26, § 1º; Lei nº 9.249, de 1995, art. 13, § 2º, inciso I; Decreto nº 5.761, de 2006, arts. 28 e 30; Lei nº 8.313, de 1991, art. 18, caput e §§ 1º e 3º; Medida Provisória nº 2.228-1, de 2001, art. 39.","Dedução do imposto devido das quantias efetivamente realizadas no período de apuração a título de doações ou patrocínio, tanto mediante contribuições ao Fundo Nacional de Cultura (FNC) na forma de doações.",IRPJ,Dedução na apuração do IRPJ.,"95000,00"
2022_RenúnciasFiscais.csv,70838,2022,03364555000100,C - PACK CREATIVE PACKAGING S/A,,22226,Fabricação de embalagens de material plástico,SÃO JOSÉ,SC,Declarado pelo Contribuinte para Apuração do IRPJ e da CSLL,Programa de Alimentação do Trabalhador,"Lei nº 6.321, de 1976, art. 1º; Lei nº 9.532, de 1997, arts. 5º e 6º, inciso I.","Dedução de até 4% (quatro por cento) do imposto devido, antes do adicional.",IRPJ,Dedução na apuração do IRPJ.,"205194,24"
2022_RenúnciasFiscais.csv,76879,2022,02856995000112,TELEVISAO ANHANGUERA DE ARAGUAINA LTDA,TELEVISAO ANHANGUERA,60217,Atividades de televisão aberta,ARAGUAÍNA,TO,Declarado pelo Contribuinte para Apuração do IRPJ e da CSLL,Horário Eleitoral,"Lei nº 9.096, de 1995; art. 50-E; Lei nº 9.504, de 1997, Art. 99","As emissoras de rádio e televisão obrigadas à divulgação gratuita de propaganda partidária e eleitoral, de plebiscitos e de referendos poderão efetuar a compensação fiscal pela cedência do horário gratuito.",IRPJ,Dedução no LALUR,"2523166,44"
2022_RenúnciasFiscais.csv,77075,2022,62158480000170,DANFOSS DO BRASIL INDUSTRIA E COMERCIO LTDA,,28232,Fabricação de máquinas e aparelhos de refrigeração e ventilação para uso industrial e comercial,OSASCO,SP,Declarado pelo Contribuinte para Apuração do IRPJ e da CSLL,Empresa Cidadã,"Lei nº 11.770, de 2008.","Dedução, do imposto devido, do total da remuneração integral paga à empregados, durante os 60 (sessenta) dias de prorrogação da licença maternidade ou 15 (quinze) dias de prorrogação da licença paternidade.",IRPJ,Dedução no cálculo do IRPJ e da CSLL.,"37831,76"
2022_RenúnciasFiscais.csv,77108,2022,35854264000197,UV PACK COMERCIO E SERVICOS DE ACABAMENTOS GRAFICOS LTDA,UV PACK,18229,Serviços de acabamentos gráficos,SÃO PAULO,SP,Declarado pelo Contribuinte para Apuração do IRPJ e da CSLL,Programa de Alimentação do Trabalhador,"Lei nº 6.321, de 1976, art. 1º; Lei nº 9.532, de 1997, arts. 5º e 6º, inciso I.","Dedução de até 4% (quatro por cento) do imposto devido, antes do adicional.",IRPJ,Dedução na apuração do IRPJ.,"53733,21"
2022_RenúnciasFiscais.csv,77167,2022,33482241000173,GENERAL ELECTRIC DO BRASIL LTDA,,64620,Holdings de instituições não-financeiras,SÃO PAULO,SP,Declarado pelo Contribuinte para Apuração do IRPJ e da CSLL,Programa de Alimentação do Trabalhador,"Lei nº 6.321, de 1976, art. 1º; Lei nº 9.532, de 1997, arts. 5º e 6º, inciso I.","Dedução de até 4% (quatro por cento) do imposto devido, antes do adicional.",IRPJ,Dedução na apuração do IRPJ.,"1524975,65"
2022_RenúnciasFiscais.csv,77932,2022,21353568000166,PAGSEGURO BIVA SERVICOS FINANCEIROS LTDA,,66193,Atividades auxiliares dos serviços financeiros não especificadas anteriormente,SÃO PAULO,SP,Declarado pelo Contribuinte para Apuração do IRPJ e da CSLL,Fundos de Direitos da Criança e do Adolescente,"Lei nº 8.069, de 1990, art. 260; Lei nº 12.594, de 2012, art. 87.","Dedução, do imposto de renda devido em cada período de apuração, das doações efetuadas aos Fundos dos Direitos da Criança e do Adolescente nacional, estaduais ou municipais, devidamente comprovados, observados os limites legais.",IRPJ,Dedução na apuração do IRPJ.,"1000,00"
2022_RenúnciasFiscais.csv,79123,2022,41026931000146,M & M DISTRIBUIDORA DE OVOS LTDA,VALE OVOS,46338,Comércio atacadista de hortifrutigranjeiros,PETROLINA,PE,Declarado pelo Contribuinte para Apuração do IRPJ e da CSLL,Incentivo ao Desporto,"Lei nº 11.438, de 2006; Lei nº 13.155, de 2015, art. 43.","Dedução, do imposto devido pela pessoa jurídica tributada com base no lucro real, dos valores despendidos a título de patrocínio ou doação, no apoio direto a projetos desportivos e paradesportivos previamente aprovados pelo Ministério do Esporte.",IRPJ,Dedução na apuração do IRPJ.,"1115,18"
2022_RenúnciasFiscais.csv,79562,2022,02147467000194,GESTAMP BRASIL INDUSTRIA DE AUTOPECAS S/A,,29492,Fabricação de peças e acessórios para veículos automotores não especificados anteriormente,SÃO JOSÉ DOS PINHAIS,PR,Declarado pelo Contribuinte para Apuração do IRPJ e da CSLL,Fundos do Idoso,"Lei nº 12.213, de 2010; Lei nº 12.594, de 2012, art. 88.","Dedução, do IRPJ devido em cada período de apuração, do total das doações feitas ao Fundo Nacional do Idoso, devidamente comprovadas, vedada a dedução como despesa operacional.",IRPJ,Dedução na apuração do IRPJ.,"34150,54"
2022_RenúnciasFiscais.csv,79874,2022,02091365000102,HSJ COMERCIAL S.A.,,47831,Comércio varejista de jóias e relógios,RIO DE JANEIRO,RJ,Declarado pelo Contribuinte para Apuração do IRPJ e da CSLL,Programa de Alimentação do Trabalhador,"Lei nº 6.321, de 1976, art. 1º; Lei nº 9.532, de 1997, arts. 5º e 6º, inciso I.","Dedução de até 4% (quatro por cento) do imposto devido, antes do adicional.",IRPJ,Dedução na apuração do IRPJ.,"211101,71"
2022_RenúnciasFiscais.csv,82053,2022,43691393000130,GENCO QUIMICA INDUSTRIAL LTDA,,20991,Fabricação de produtos químicos não especificados anteriormente,GUARULHOS,SP,Declarado pelo Contribuinte para Apuração do IRPJ e da CSLL,Programa de Alimentação do Trabalhador,"Lei nº 6.321, de 1976, art. 1º; Lei nº 9.532, de 1997, arts. 5º e 6º, inciso I.","Dedução de até 4% (quatro por cento) do imposto devido, antes do adicional.",IRPJ,Dedução na apuração do IRPJ.,"56648,19"
2022_RenúnciasFiscais.csv,82616,2022,02147467000194,GESTAMP BRASIL INDUSTRIA DE AUTOPECAS S/A,,29492,Fabricação de peças e acessórios para veículos automotores não especificados anteriormente,SÃO JOSÉ DOS PINHAIS,PR,Declarado pelo Contribuinte para Apuração do IRPJ e da CSLL,Incentivo ao Desporto,"Lei nº 11.438, de 2006; Lei nº 13.155, de 2015, art. 43.","Dedução, do imposto devido pela pessoa jurídica tributada com base no lucro real, dos valores despendidos a título de patrocínio ou doação, no apoio direto a projetos desportivos e paradesportivos previamente aprovados pelo Ministério do Esporte.",IRPJ,Dedução na apuração do IRPJ.,"34150,54"
2022_RenúnciasFiscais.csv,82728,2022,07980849000118,COMERCIAL DE PISOS E REVESTIMENTOS CRISTAL LTDA,CRISTAL PISOS,47440,"Comércio varejista de ferragens, madeira e materiais de construção",APARECIDA DE GOIÂNIA,GO,Declarado pelo Contribuinte para Apuração do IRPJ e da CSLL,Programa de Alimentação do Trabalhador,"Lei nº 6.321, de 1976, art. 1º; Lei nº 9.532, de 1997, arts. 5º e 6º, inciso I.","Dedução de até 4% (quatro por cento) do imposto devido, antes do adicional.",IRPJ,Dedução na apuração do IRPJ.,"5979,42"
2022_RenúnciasFiscais.csv,84600,2022,03204565000189,TREICHEL MACROMERCADO LTDA,TREICHEL,47113,"Comércio varejista de mercadorias em geral, com predominância de produtos alimentícios - hipermercados e supermercados",PELOTAS,RS,Declarado pelo Contribuinte para Apuração do IRPJ e da CSLL,Empresa Cidadã,"Lei nº 11.770, de 2008.","Dedução, do imposto devido, do total da remuneração integral paga à empregados, durante os 60 (sessenta) dias de prorrogação da licença maternidade ou 15 (quinze) dias de prorrogação da licença paternidade.",IRPJ,Dedução no cálculo do IRPJ e da CSLL.,"45378,61"
2022_RenúnciasFiscais.csv,85530,2022,41604933000175,ARGENFEEDERS DO BRASIL LTDA,ARGENFEEDERS DO BRASIL,28330,"Fabricação de máquinas e equipamentos para a agricultura e pecuária, exceto para irrigação",CORBÉLIA,PR,PIS/COFINS Vinculados à Importação,PIS,"Bens Submetidos Aos Regimes Aduaneiros Especiais (Lei 10865/04 - Art. 14, Caput)","Valor em real do incentivo, renúncia, benefício ou imunidade (IRBI) da contribuição ao PIS. É a diferença entre o PIS calculado e o PIS a recolher.",PIS,,"7388,00"
2022_RenúnciasFiscais.csv,87922,2022,19570720000110,HIPOLABOR FARMACEUTICA LTDA,,00000,Sem informação,SABARÁ,MG,Declarado pelo Contribuinte para Apuração do IRPJ e da CSLL,Sudam/Sudene - Redução 75% Projeto Setor Prioritário,"Medida Provisória nº 2.199-14, de 2001, art. 1º; Lei nº 12.715, de 2012, art. 69; Lei nº 12.995, de 2014, art. 10; Lei nº 13.799, de 2019, art. 1º; Decreto nº 9.682, de 2019.","Isenção e redução do imposto de renda para pessoas jurídicas sujeitas à apuração do imposto de renda trimestral ou anual, que gozem dos benefícios fiscais com base no lucro da exploração.",IRPJ,Isenção/redução do IRPJ com base no lucro da exploração.,"40793676,49"
2022_RenúnciasFiscais.csv,88612,2022,53653945000179,TELEVISAO SOROCABA LTDA,,60217,Atividades de televisão aberta,SOROCABA,SP,Declarado pelo Contribuinte para Apuração do IRPJ e da CSLL,Horário Eleitoral,"Lei nº 9.096, de 1995; art. 50-E; Lei nº 9.504, de 1997, Art. 99","As emissoras de rádio e televisão obrigadas à divulgação gratuita de propaganda partidária e eleitoral, de plebiscitos e de referendos poderão efetuar a compensação fiscal pela cedência do horário gratuito.",IRPJ,Dedução no LALUR,"1511301,66"
2022_RenúnciasFiscais.csv,88930,2022,21353568000166,PAGSEGURO BIVA SERVICOS FINANCEIROS LTDA,,66193,Atividades auxiliares dos serviços financeiros não especificadas anteriormente,SÃO PAULO,SP,Declarado pelo Contribuinte para Apuração do IRPJ e da CSLL,Pronac - Programa Nacional de Apoio à Cultura - Dedução do Imposto de Renda,"Lei nº 8.313, de 1991, art. 26, § 1º; Lei nº 9.249, de 1995, art. 13, § 2º, inciso I; Decreto nº 5.761, de 2006, arts. 28 e 30; Lei nº 8.313, de 1991, art. 18, caput e §§ 1º e 3º; Medida Provisória nº 2.228-1, de 2001, art. 39.","Dedução do imposto devido das quantias efetivamente realizadas no período de apuração a título de doações ou patrocínio, tanto mediante contribuições ao Fundo Nacional de Cultura (FNC) na forma de doações.",IRPJ,Dedução na apuração do IRPJ.,"3000,00"
2022_RenúnciasFiscais.csv,89425,2022,09531045000167,CORSUL - COMERCIO DE PRODUTOS PARA INDUSTRIA LTDA,CORSUL COMERCIAL,46427,Comércio atacadista de artigos do vestuário e acessórios,SÃO JOSÉ,SC,Declarado pelo Contribuinte para Apuração do IRPJ e da CSLL,Fundos de Direitos da Criança e do Adolescente,"Lei nº 8.069, de 1990, art. 260; Lei nº 12.594, de 2012, art. 87.","Dedução, do imposto de renda devido em cada período de apuração, das doações efetuadas aos Fundos dos Direitos da Criança e do Adolescente nacional, estaduais ou municipais, devidamente comprovados, observados os limites legais.",IRPJ,Dedução na apuração do IRPJ.,"3200,00"
2022_RenúnciasFiscais.csv,90519,2022,43691393000130,GENCO QUIMICA INDUSTRIAL LTDA,,20991,Fabricação de produtos químicos não especificados anteriormente,GUARULHOS,SP,Declarado pelo Contribuinte para Apuração do IRPJ e da CSLL,Incentivo ao Desporto,"Lei nº 11.438, de 2006; Lei nº 13.155, de 2015, art. 43.","Dedução, do imposto devido pela pessoa jurídica tributada com base no lucro real, dos valores despendidos a título de patrocínio ou doação, no apoio direto a projetos desportivos e paradesportivos previamente aprovados pelo Ministério do Esporte.",IRPJ,Dedução na apuração do IRPJ.,"75000,00"
2022_RenúnciasFiscais.csv,90974,2022,31575186000130,TECNOPHARMA FARMACIA DE MANIPULACAO LTDA,,47725,"Comércio varejista de cosméticos, produtos de perfumaria e de higiene pessoal",RIO DE JANEIRO,RJ,Declarado pelo Contribuinte para Apuração do IRPJ e da CSLL,Programa de Alimentação do Trabalhador,"Lei nº 6.321, de 1976, art. 1º; Lei nº 9.532, de 1997, arts. 5º e 6º, inciso I.","Dedução de até 4% (quatro por cento) do imposto devido, antes do adicional.",IRPJ,Dedução na apuração do IRPJ.,"2368,28"
2022_RenúnciasFiscais.csv,92505,2022,01710918000197,TV MINAS CENTRO-OESTE LTDA,,60217,Atividades de televisão aberta,DIVINÓPOLIS,MG,Declarado pelo Contribuinte para Apuração do IRPJ e da CSLL,Horário Eleitoral,"Lei nº 9.096, de 1995; art. 50-E; Lei nº 9.504, de 1997, Art. 99","As emissoras de rádio e televisão obrigadas à divulgação gratuita de propaganda partidária e eleitoral, de plebiscitos e de referendos poderão efetuar a compensação fiscal pela cedência do horário gratuito.",IRPJ,Dedução no LALUR,"6285700,00"
2022_RenúnciasFiscais.csv,93719,2022,53653945000179,TELEVISAO SOROCABA LTDA,,60217,Atividades de televisão aberta,SOROCABA,SP,Declarado pelo Contribuinte para Apuração do IRPJ e da CSLL,Programa de Alimentação do Trabalhador,"Lei nº 6.321, de 1976, art. 1º; Lei nº 9.532, de 1997, arts. 5º e 6º, inciso I.","Dedução de até 4% (quatro por cento) do imposto devido, antes do adicional.",IRPJ,Dedução na apuração do IRPJ.,"14127,65"
2022_RenúnciasFiscais.csv,95122,2022,60885761000108,BUHLER INDUSTRIA E COMERCIO DE EQUIPAMENTOS INDUSTRIAIS LTDA.,,28623,"Fabricação de máquinas e equipamentos para as indústrias de alimentos, bebidas e fumo",CURITIBA,PR,Declarado pelo Contribuinte para Apuração do IRPJ e da CSLL,Programa de Alimentação do Trabalhador,"Lei nº 6.321, de 1976, art. 1º; Lei nº 9.532, de 1997, arts. 5º e 6º, inciso I.","Dedução de até 4% (quatro por cento) do imposto devido, antes do adicional.",IRPJ,Dedução na apuração do IRPJ.,"124245,89"
2022_RenúnciasFiscais.csv,96445,2022,02526333000184,TV TOCANTINS LTDA,TV ANHANGUERA,60217,Atividades de televisão aberta,ANÁPOLIS,GO,Declarado pelo Contribuinte para Apuração do IRPJ e da CSLL,Horário Eleitoral,"Lei nº 9.096, de 1995; art. 50-E; Lei nº 9.504, de 1997, Art. 99","As emissoras de rádio e televisão obrigadas à divulgação gratuita de propaganda partidária e eleitoral, de plebiscitos e de referendos poderão efetuar a compensação fiscal pela cedência do horário gratuito.",IRPJ,Dedução no LALUR,"4008578,22"
2022_RenúnciasFiscais.csv,99206,2022,03572323000148,ORMAZABAL DO BRASIL EQUIPAMENTOS DE DISTRIBUICAO DE ENERGIA ELETRICA LTDA,ORMAZABAL DO BRASIL,46737,Comércio atacadista de material elétrico,SÃO PAULO,SP,Declarado pelo Contribuinte para Apuração do IRPJ e da CSLL,Programa de Alimentação do Trabalhador,"Lei nº 6.321, de 1976, art. 1º; Lei nº 9.532, de 1997, arts. 5º e 6º, inciso I.","Dedução de até 4% (quatro por cento) do imposto devido, antes do adicional.",IRPJ,Dedução na apuração do IRPJ.,"27236,88"
2023_RenúnciasFiscais.csv,377,2023,01115825000114,PLASTIPAK PACKAGING DO BRASIL LTDA,,22226,Fabricação de embalagens de material plástico,PAULÍNIA,SP,Imposto de Importação e IPI Vinculado,IPI,"Admissao Temporaria - Dl 3766, Art. 75(Exceto Recipientes, Embalagens E Outros Com Finalidade Semelhante)","Valor em real do incentivo, renúncia, benefício ou imunidade (IRBI) do imposto sobre produtos industrializados (IPI). É a diferença entre o IPI calculado e o IPI a recolher.",IPI,,"16772,00"
2023_RenúnciasFiscais.csv,378,2023,01115825000114,PLASTIPAK PACKAGING DO BRASIL LTDA,,22226,Fabricação de embalagens de material plástico,PAULÍNIA,SP,Imposto de Importação e IPI Vinculado,Imposto de Importação,"Admissao Temporaria - Dl 3766, Art. 75(Exceto Recipientes, Embalagens E Outros Com Finalidade Semelhante)","Valor em real do incentivo, renúncia, benefício ou imunidade (IRBI) do Imposto de Importação (II). É a diferença entre o II calculado e o II a recolher.",Imposto de Importação,,"26240,00"
2023_RenúnciasFiscais.csv,611,2023,00988603000143,MAURO LOPES ENGENHARIA LTDA,,00000,Sem informação,TERESINA,PI,Declarado pelo Contribuinte para Apuração do IRPJ e da CSLL,Programa de Alimentação do Trabalhador,"Lei nº 6.321, de 1976, art. 1º; Lei nº 9.532, de 1997, arts. 5º e 6º, inciso I.","Dedução de até 4% (quatro por cento) do imposto devido, antes do adicional.",IRPJ,Dedução na apuração do IRPJ.,"63928,00"
2023_RenúnciasFiscais.csv,3268,2023,02910917000159,TELEVISAO RIO FORMOSO LTDA,TV ANHANGUERA,60217,Atividades de televisão aberta,GURUPI,TO,Declarado pelo Contribuinte para Apuração do IRPJ e da CSLL,Horário Eleitoral,"Lei nº 9.096, de 1995; art. 50-E; Lei nº 9.504, de 1997, Art. 99","As emissoras de rádio e televisão obrigadas à divulgação gratuita de propaganda partidária e eleitoral, de plebiscitos e de referendos poderão efetuar a compensação fiscal pela cedência do horário gratuito.",IRPJ,Dedução no LALUR,"1651925,91"
2023_RenúnciasFiscais.csv,4369,2023,09433059000148,FTA PRODUTOS E SERVICOS INDUSTRIAIS LTDA,,00000,Sem informação,FUNDÃO,ES,Declarado pelo Contribuinte para Apuração do IRPJ e da CSLL,Programa de Alimentação do Trabalhador,"Lei nº 6.321, de 1976, art. 1º; Lei nº 9.532, de 1997, arts. 5º e 6º, inciso I.","Dedução de até 4% (quatro por cento) do imposto devido, antes do adicional.",IRPJ,Dedução na apuração do IRPJ.,"1958,53"
2023_RenúnciasFiscais.csv,5076,2023,11748631000100,FG BRAZIL HOLDING LTDA.,,64620,Holdings de instituições não-financeiras,BALNEÁRIO CAMBORIÚ,SC,Declarado pelo Contribuinte para Apuração do IRPJ e da CSLL,Programa de Alimentação do Trabalhador,"Lei nº 6.321, de 1976, art. 1º; Lei nº 9.532, de 1997, arts. 5º e 6º, inciso I.","Dedução de até 4% (quatro por cento) do imposto devido, antes do adicional.",IRPJ,Dedução na apuração do IRPJ.,"55010,66"
2023_RenúnciasFiscais.csv,5193,2023,02856995000112,TELEVISAO ANHANGUERA DE ARAGUAINA LTDA,TELEVISAO ANHANGUERA,60217,Atividades de televisão aberta,ARAGUAÍNA,TO,Declarado pelo Contribuinte para Apuração do IRPJ e da CSLL,Horário Eleitoral,"Lei nº 9.096, de 1995; art. 50-E; Lei nº 9.504, de 1997, Art. 99","As emissoras de rádio e televisão obrigadas à divulgação gratuita de propaganda partidária e eleitoral, de plebiscitos e de referendos poderão efetuar a compensação fiscal pela cedência do horário gratuito.",IRPJ,Dedução no LALUR,"1253980,56"
2023_RenúnciasFiscais.csv,7967,2023,02329713000129,TIMAC AGRO INDUSTRIA E COMERCIO DE FERTILIZANTES LTDA,,46834,"Comércio atacadista de defensivos agrícolas, adubos, fertilizantes e corretivos do solo",PORTO ALEGRE,RS,Declarado pelo Contribuinte para Apuração do IRPJ e da CSLL,Fundos de Direitos da Criança e do Adolescente,"Lei nº 8.069, de 1990, art. 260; Lei nº 12.594, de 2012, art. 87.","Dedução, do imposto de renda devido em cada período de apuração, das doações efetuadas aos Fundos dos Direitos da Criança e do Adolescente nacional, estaduais ou municipais, devidamente comprovados, observados os limites legais.",IRPJ,Dedução na apuração do IRPJ.,"60000,00"
2023_RenúnciasFiscais.csv,7972,2023,02329713000129,TIMAC AGRO INDUSTRIA E COMERCIO DE FERTILIZANTES LTDA,,46834,"Comércio atacadista de defensivos agrícolas, adubos, fertilizantes e corretivos do solo",PORTO ALEGRE,RS,Declarado pelo Contribuinte para Apuração do IRPJ e da CSLL,Incentivo ao Desporto,"Lei nº 11.438, de 2006; Lei nº 13.155, de 2015, art. 43.","Dedução, do imposto devido pela pessoa jurídica tributada com base no lucro real, dos valores despendidos a título de patrocínio ou doação, no apoio direto a projetos desportivos e paradesportivos previamente aprovados pelo Ministério do Esporte.",IRPJ,Dedução na apuração do IRPJ.,"125000,00"
2023_RenúnciasFiscais.csv,7973,2023,02329713000129,TIMAC AGRO INDUSTRIA E COMERCIO DE FERTILIZANTES LTDA,,46834,"Comércio atacadista de defensivos agrícolas, adubos, fertilizantes e corretivos do solo",PORTO ALEGRE,RS,Declarado pelo Contribuinte para Apuração do IRPJ e da CSLL,Sudam/Sudene - Redução 75% Projeto Setor Prioritário,"Medida Provisória nº 2.199-14, de 2001, art. 1º; Lei nº 12.715, de 2012, art. 69; Lei nº 12.995, de 2014, art. 10; Lei nº 13.799, de 2019, art. 1º; Decreto nº 9.682, de 2019.","Isenção e redução do imposto de renda para pessoas jurídicas sujeitas à apuração do imposto de renda trimestral ou anual, que gozem dos benefícios fiscais com base no lucro da exploração.",IRPJ,Isenção/redução do IRPJ com base no lucro da exploração.,"9554312,77"
2023_RenúnciasFiscais.csv,8507,2023,02329713000129,TIMAC AGRO INDUSTRIA E COMERCIO DE FERTILIZANTES LTDA,,46834,"Comércio atacadista de defensivos agrícolas, adubos, fertilizantes e corretivos do solo",PORTO ALEGRE,RS,Declarado pelo Contribuinte para Apuração do IRPJ e da CSLL,Sudam/Sudene - Redução por Reinvestimento,"Lei nº 8.167, de 1991, art. 19; Lei nº 8.191, de 1991, art. 4º; Lei nº 9.532, de 1997, art. 2º; Medida Provisória nº 2.199-14, de 2001, art. 3º; Lei nº 12.715, de 2012, art. 69; Lei nº 13.799, de 2019, art. 1º; Decreto nº 9.682, de 2019.","Isenção e redução do imposto de renda para pessoas jurídicas sujeitas à apuração do imposto de renda trimestral ou anual, que gozem dos benefícios fiscais com base no lucro da exploração.",IRPJ,Isenção/redução do IRPJ com base no lucro da exploração.,"822587,24"
2023_RenúnciasFiscais.csv,8508,2023,02329713000129,TIMAC AGRO INDUSTRIA E COMERCIO DE FERTILIZANTES LTDA,,46834,"Comércio atacadista de defensivos agrícolas, adubos, fertilizantes e corretivos do solo",PORTO ALEGRE,RS,Declarado pelo Contribuinte para Apuração do IRPJ e da CSLL,Programa de Alimentação do Trabalhador,"Lei nº 6.321, de 1976, art. 1º; Lei nº 9.532, de 1997, arts. 5º e 6º, inciso I.","Dedução de até 4% (quatro por cento) do imposto devido, antes do adicional.",IRPJ,Dedução na apuração do IRPJ.,"267336,42"
2023_RenúnciasFiscais.csv,8509,2023,02329713000129,TIMAC AGRO INDUSTRIA E COMERCIO DE FERTILIZANTES LTDA,,46834,"Comércio atacadista de defensivos agrícolas, adubos, fertilizantes e corretivos do solo",PORTO ALEGRE,RS,Declarado pelo Contribuinte para Apuração do IRPJ e da CSLL,Pronac - Programa Nacional de Apoio à Cultura - Dedução do Imposto de Renda,"Lei nº 8.313, de 1991, art. 26, § 1º; Lei nº 9.249, de 1995, art. 13, § 2º, inciso I; Decreto nº 5.761, de 2006, arts. 28 e 30; Lei nº 8.313, de 1991, art. 18, caput e §§ 1º e 3º; Medida Provisória nº 2.228-1, de 2001, art. 39.","Dedução do imposto devido das quantias efetivamente realizadas no período de apuração a título de doações ou patrocínio, tanto mediante contribuições ao Fundo Nacional de Cultura (FNC) na forma de doações.",IRPJ,Dedução na apuração do IRPJ.,"267336,42"
2023_RenúnciasFiscais.csv,8715,2023,02796653000154,DISTRIBUIDORA LOPES LTDA,,46371,Comércio atacadista especializado em produtos alimentícios não especificados anteriormente,MANAUS,AM,Declarado pelo Contribuinte para Apuração do IRPJ e da CSLL,Programa de Alimentação do Trabalhador,"Lei nº 6.321, de 1976, art. 1º; Lei nº 9.532, de 1997, arts. 5º e 6º, inciso I.","Dedução de até 4% (quatro por cento) do imposto devido, antes do adicional.",IRPJ,Dedução na apuração do IRPJ.,"16767,92"
2023_RenúnciasFiscais.csv,10440,2023,03973894000194,DECAL BRASIL LTDA,,52117,Armazenamento,IPOJUCA,PE,Declarado pelo Contribuinte para Apuração do IRPJ e da CSLL,Sudam/Sudene - Redução 75% Projeto Setor Prioritário,"Medida Provisória nº 2.199-14, de 2001, art. 1º; Lei nº 12.715, de 2012, art. 69; Lei nº 12.995, de 2014, art. 10; Lei nº 13.799, de 2019, art. 1º; Decreto nº 9.682, de 2019.","Isenção e redução do imposto de renda para pessoas jurídicas sujeitas à apuração do imposto de renda trimestral ou anual, que gozem dos benefícios fiscais com base no lucro da exploração.",IRPJ,Isenção/redução do IRPJ com base no lucro da exploração.,"13662053,23"
2023_RenúnciasFiscais.csv,11344,2023,26664410000120,ARTISTAS REUNIDOS CONTEUDO E PRODUCOES FONOGRAFICAS LTDA.,S DE SAMBA,90019,"Artes cênicas, espetáculos e atividades complementares",SÃO PAULO,SP,Declarado pelo Contribuinte para Apuração do IRPJ e da CSLL,Programa Emergencial de Retomada do Setor de Eventos (Perse) - CSLL,"Lei nº 14.148, de 2021, art. 4.","Redução de alíquota a 0% (zero por cento) da CSLL pelo prazo de 60 (sessenta) meses, a partir de março de 2022, incidentes sobre o resultado auferido pelas pessoas jurídicas pertencentes ao setor de eventos, que exercem as atividades econômicas elencadas no art. 4º.",CSLL,Redução de alíquota da CSLL.,"117346,74"
2023_RenúnciasFiscais.csv,13965,2023,10587932000136,ATIVAS DATA CENTER LTDA,,62040,Consultoria em tecnologia da informação,BELO HORIZONTE,MG,Declarado pelo Contribuinte para Apuração do IRPJ e da CSLL,Programa de Alimentação do Trabalhador,"Lei nº 6.321, de 1976, art. 1º; Lei nº 9.532, de 1997, arts. 5º e 6º, inciso I.","Dedução de até 4% (quatro por cento) do imposto devido, antes do adicional.",IRPJ,Dedução na apuração do IRPJ.,"13296,31"
2023_RenúnciasFiscais.csv,13981,2023,07957149000102,COMPANHIA NACIONAL DE CIMENTO - CNC,CNC,00000,Sem informação,RECIFE,PE,Declarado pelo Contribuinte para Apuração do IRPJ e da CSLL,Programa de Alimentação do Trabalhador,"Lei nº 6.321, de 1976, art. 1º; Lei nº 9.532, de 1997, arts. 5º e 6º, inciso I.","Dedução de até 4% (quatro por cento) do imposto devido, antes do adicional.",IRPJ,Dedução na apuração do IRPJ.,"171667,58"
2023_RenúnciasFiscais.csv,19250,2023,07069724000130,OURO VERDE NUTRICAO ANIMAL LTDA,,10660,Fabricação de alimentos para animais,CACOAL,RO,Declarado pelo Contribuinte para Apuração do IRPJ e da CSLL,Sudam/Sudene - Redução 75% Projeto Setor Prioritário,"Medida Provisória nº 2.199-14, de 2001, art. 1º; Lei nº 12.715, de 2012, art. 69; Lei nº 12.995, de 2014, art. 10; Lei nº 13.799, de 2019, art. 1º; Decreto nº 9.682, de 2019.","Isenção e redução do imposto de renda para pessoas jurídicas sujeitas à apuração do imposto de renda trimestral ou anual, que gozem dos benefícios fiscais com base no lucro da exploração.",IRPJ,Isenção/redução do IRPJ com base no lucro da exploração.,"32116,40"
2023_RenúnciasFiscais.csv,19252,2023,07069724000130,OURO VERDE NUTRICAO ANIMAL LTDA,,10660,Fabricação de alimentos para animais,CACOAL,RO,Declarado pelo Contribuinte para Apuração do IRPJ e da CSLL,Sudam/Sudene - Redução por Reinvestimento,"Lei nº 8.167, de 1991, art. 19; Lei nº 8.191, de 1991, art. 4º; Lei nº 9.532, de 1997, art. 2º; Medida Provisória nº 2.199-14, de 2001, art. 3º; Lei nº 12.715, de 2012, art. 69; Lei nº 13.799, de 2019, art. 1º; Decreto nº 9.682, de 2019.","Isenção e redução do imposto de renda para pessoas jurídicas sujeitas à apuração do imposto de renda trimestral ou anual, que gozem dos benefícios fiscais com base no lucro da exploração.",IRPJ,Isenção/redução do IRPJ com base no lucro da exploração.,"4864,05"
2023_RenúnciasFiscais.csv,20251,2023,35854264000197,UV PACK COMERCIO E SERVICOS DE ACABAMENTOS GRAFICOS LTDA,UV PACK,18229,Serviços de acabamentos gráficos,SÃO PAULO,SP,Declarado pelo Contribuinte para Apuração do IRPJ e da CSLL,Programa de Alimentação do Trabalhador,"Lei nº 6.321, de 1976, art. 1º; Lei nº 9.532, de 1997, arts. 5º e 6º, inciso I.","Dedução de até 4% (quatro por cento) do imposto devido, antes do adicional.",IRPJ,Dedução na apuração do IRPJ.,"28787,32"
2023_RenúnciasFiscais.csv,20799,2023,49475745000104,MAQNELSON IRRIGACAO LTDA,,46613,"Comércio atacadista de máquinas, aparelhos e equipamentos para uso agropecuário; partes e peças",UBERLÂNDIA,MG,Declarado pelo Contribuinte para Apuração do IRPJ e da CSLL,Programa de Alimentação do Trabalhador,"Lei nº 6.321, de 1976, art. 1º; Lei nº 9.532, de 1997, arts. 5º e 6º, inciso I.","Dedução de até 4% (quatro por cento) do imposto devido, antes do adicional.",IRPJ,Dedução na apuração do IRPJ.,"1694,19"
2023_RenúnciasFiscais.csv,20859,2023,07103898000172,METALURGICA FERRONORTE LTDA,,47440,"Comércio varejista de ferragens, madeira e materiais de construção",TERESINA,PI,Declarado pelo Contribuinte para Apuração do IRPJ e da CSLL,Pronac - Programa Nacional de Apoio à Cultura - Dedução do Imposto de Renda,"Lei nº 8.313, de 1991, art. 26, § 1º; Lei nº 9.249, de 1995, art. 13, § 2º, inciso I; Decreto nº 5.761, de 2006, arts. 28 e 30; Lei nº 8.313, de 1991, art. 18, caput e §§ 1º e 3º; Medida Provisória nº 2.228-1, de 2001, art. 39.","Dedução do imposto devido das quantias efetivamente realizadas no período de apuração a título de doações ou patrocínio, tanto mediante contribuições ao Fundo Nacional de Cultura (FNC) na forma de doações.",IRPJ,Dedução na apuração do IRPJ.,"4000,00"
2023_RenúnciasFiscais.csv,22948,2023,06698560000148,DKS PROMOCOES E EVENTOS LTDA,DKS EVENTOS,82300,"Atividades de organização de eventos, exceto culturais e esportivos",SÃO PAULO,SP,Declarado pelo Contribuinte para Apuração do IRPJ e da CSLL,Programa Emergencial de Retomada do Setor de Eventos (Perse) - IRPJ,"Lei nº 14.148, de 2021, art. 4.","Redução de alíquota a 0% (zero por cento) de IRPJ pelo prazo de 60 (sessenta) meses, a partir de março de 2022, incidentes sobre o resultado auferido pelas pessoas jurídicas pertencentes ao setor de eventos, que exercem as atividades econômicas elencadas no art. 4º.",IRPJ,Redução de alíquota de IRPJ.,"6138524,13"
2023_RenúnciasFiscais.csv,22950,2023,06698560000148,DKS PROMOCOES E EVENTOS LTDA,DKS EVENTOS,82300,"Atividades de organização de eventos, exceto culturais e esportivos",SÃO PAULO,SP,Declarado pelo Contribuinte para Apuração do IRPJ e da CSLL,Programa Emergencial de Retomada do Setor de Eventos (Perse) - CSLL,"Lei nº 14.148, de 2021, art. 4.","Redução de alíquota a 0% (zero por cento) da CSLL pelo prazo de 60 (sessenta) meses, a partir de março de 2022, incidentes sobre o resultado auferido pelas pessoas jurídicas pertencentes ao setor de eventos, que exercem as atividades econômicas elencadas no art. 4º.",CSLL,Redução de alíquota da CSLL.,"2218508,74"
2023_RenúnciasFiscais.csv,30591,2023,35767420000182,STNE PARTICIPACOES S.A.,,64620,Holdings de instituições não-financeiras,SÃO PAULO,SP,Declarado pelo Contribuinte para Apuração do IRPJ e da CSLL,Incentivo ao Desporto,"Lei nº 11.438, de 2006; Lei nº 13.155, de 2015, art. 43.","Dedução, do imposto devido pela pessoa jurídica tributada com base no lucro real, dos valores despendidos a título de patrocínio ou doação, no apoio direto a projetos desportivos e paradesportivos previamente aprovados pelo Ministério do Esporte.",IRPJ,Dedução na apuração do IRPJ.,"10842,06"
2023_RenúnciasFiscais.csv,30592,2023,35767420000182,STNE PARTICIPACOES S.A.,,64620,Holdings de instituições não-financeiras,SÃO PAULO,SP,Declarado pelo Contribuinte para Apuração do IRPJ e da CSLL,Fundos do Idoso,"Lei nº 12.213, de 2010; Lei nº 12.594, de 2012, art. 88.","Dedução, do IRPJ devido em cada período de apuração, do total das doações feitas ao Fundo Nacional do Idoso, devidamente comprovadas, vedada a dedução como despesa operacional.",IRPJ,Dedução na apuração do IRPJ.,"10842,06"
2023_RenúnciasFiscais.csv,30593,2023,35767420000182,STNE PARTICIPACOES S.A.,,64620,Holdings de instituições não-financeiras,SÃO PAULO,SP,Declarado pelo Contribuinte para Apuração do IRPJ e da CSLL,Fundos de Direitos da Criança e do Adolescente,"Lei nº 8.069, de 1990, art. 260; Lei nº 12.594, de 2012, art. 87.","Dedução, do imposto de renda devido em cada período de apuração, das doações efetuadas aos Fundos dos Direitos da Criança e do Adolescente nacional, estaduais ou municipais, devidamente comprovados, observados os limites legais.",IRPJ,Dedução na apuração do IRPJ.,"10842,06"
2023_RenúnciasFiscais.csv,32983,2023,50377142000140,S A STEFANI COMERCIAL,,46613,"Comércio atacadista de máquinas, aparelhos e equipamentos para uso agropecuário; partes e peças",JABOTICABAL,SP,Declarado pelo Contribuinte para Apuração do IRPJ e da CSLL,Pronac - Programa Nacional de Apoio à Cultura - Dedução do Imposto de Renda,"Lei nº 8.313, de 1991, art. 26, § 1º; Lei nº 9.249, de 1995, art. 13, § 2º, inciso I; Decreto nº 5.761, de 2006, arts. 28 e 30; Lei nº 8.313, de 1991, art. 18, caput e §§ 1º e 3º; Medida Provisória nº 2.228-1, de 2001, art. 39.","Dedução do imposto devido das quantias efetivamente realizadas no período de apuração a título de doações ou patrocínio, tanto mediante contribuições ao Fundo Nacional de Cultura (FNC) na forma de doações.",IRPJ,Dedução na apuração do IRPJ.,"16500,00"
2023_RenúnciasFiscais.csv,32984,2023,50377142000140,S A STEFANI COMERCIAL,,46613,"Comércio atacadista de máquinas, aparelhos e equipamentos para uso agropecuário; partes e peças",JABOTICABAL,SP,Declarado pelo Contribuinte para Apuração do IRPJ e da CSLL,Programa de Alimentação do Trabalhador,"Lei nº 6.321, de 1976, art. 1º; Lei nº 9.532, de 1997, arts. 5º e 6º, inciso I.","Dedução de até 4% (quatro por cento) do imposto devido, antes do adicional.",IRPJ,Dedução na apuração do IRPJ.,"9323,02"
2023_RenúnciasFiscais.csv,33159,2023,51167500000153,SGS ENGER LTDA,,71120,Serviços de engenharia,BARUERI,SP,Declarado pelo Contribuinte para Apuração do IRPJ e da CSLL,Programa de Alimentação do Trabalhador,"Lei nº 6.321, de 1976, art. 1º; Lei nº 9.532, de 1997, arts. 5º e 6º, inciso I.","Dedução de até 4% (quatro por cento) do imposto devido, antes do adicional.",IRPJ,Dedução na apuração do IRPJ.,"24050,95"
2023_RenúnciasFiscais.csv,34794,2023,72225683000196,ZENAPLAST IND COM DE ARTEFATOS DE PLASTICO LTDA,,22226,Fabricação de embalagens de material plástico,BANDEIRANTES,PR,Declarado pelo Contribuinte para Apuração do IRPJ e da CSLL,Programa de Alimentação do Trabalhador,"Lei nº 6.321, de 1976, art. 1º; Lei nº 9.532, de 1997, arts. 5º e 6º, inciso I.","Dedução de até 4% (quatro por cento) do imposto devido, antes do adicional.",IRPJ,Dedução na apuração do IRPJ.,"29600,33"
2023_RenúnciasFiscais.csv,36847,2023,76590884000143,UNIMED DO ESTADO DE SANTA CATARINA FEDERACAO ESTADUAL DAS COOPERATIVAS MEDICAS,UNIMED SANTA CATARINA,65502,Planos de saúde,JOINVILLE,SC,Declarado pelo Contribuinte para Apuração do IRPJ e da CSLL,Programa de Alimentação do Trabalhador,"Lei nº 6.321, de 1976, art. 1º; Lei nº 9.532, de 1997, arts. 5º e 6º, inciso I.","Dedução de até 4% (quatro por cento) do imposto devido, antes do adicional.",IRPJ,Dedução na apuração do IRPJ.,"98855,20"
2023_RenúnciasFiscais.csv,36848,2023,76590884000143,UNIMED DO ESTADO DE SANTA CATARINA FEDERACAO ESTADUAL DAS COOPERATIVAS MEDICAS,UNIMED SANTA CATARINA,65502,Planos de saúde,JOINVILLE,SC,Declarado pelo Contribuinte para Apuração do IRPJ e da CSLL,Incentivo ao Desporto,"Lei nº 11.438, de 2006; Lei nº 13.155, de 2015, art. 43.","Dedução, do imposto devido pela pessoa jurídica tributada com base no lucro real, dos valores despendidos a título de patrocínio ou doação, no apoio direto a projetos desportivos e paradesportivos previamente aprovados pelo Ministério do Esporte.",IRPJ,Dedução na apuração do IRPJ.,"42000,00"
2023_RenúnciasFiscais.csv,36849,2023,76590884000143,UNIMED DO ESTADO DE SANTA CATARINA FEDERACAO ESTADUAL DAS COOPERATIVAS MEDICAS,UNIMED SANTA CATARINA,65502,Planos de saúde,JOINVILLE,SC,Declarado pelo Contribuinte para Apuração do IRPJ e da CSLL,Pronac - Programa Nacional de Apoio à Cultura - Dedução do Imposto de Renda,"Lei nº 8.313, de 1991, art. 26, § 1º; Lei nº 9.249, de 1995, art. 13, § 2º, inciso I; Decreto nº 5.761, de 2006, arts. 28 e 30; Lei nº 8.313, de 1991, art. 18, caput e §§ 1º e 3º; Medida Provisória nº 2.228-1, de 2001, art. 39.","Dedução do imposto devido das quantias efetivamente realizadas no período de apuração a título de doações ou patrocínio, tanto mediante contribuições ao Fundo Nacional de Cultura (FNC) na forma de doações.",IRPJ,Dedução na apuração do IRPJ.,"42000,00"
2023_RenúnciasFiscais.csv,36962,2023,71738900000189,TRANSFAVARO TRANSPORTES LTDA,,49299,"Transporte rodoviário coletivo de passageiros, sob regime de fretamento, e outros transportes rodoviários não especificados anteriormente",ANDRADINA,SP,Declarado pelo Contribuinte para Apuração do IRPJ e da CSLL,Programa Emergencial de Retomada do Setor de Eventos (Perse) - IRPJ,"Lei nº 14.148, de 2021, art. 4.","Redução de alíquota a 0% (zero por cento) de IRPJ pelo prazo de 60 (sessenta) meses, a partir de março de 2022, incidentes sobre o resultado auferido pelas pessoas jurídicas pertencentes ao setor de eventos, que exercem as atividades econômicas elencadas no art. 4º.",IRPJ,Redução de alíquota de IRPJ.,"113209,53"
2023_RenúnciasFiscais.csv,37108,2023,71738900000189,TRANSFAVARO TRANSPORTES LTDA,,49299,"Transporte rodoviário coletivo de passageiros, sob regime de fretamento, e outros transportes rodoviários não especificados anteriormente",ANDRADINA,SP,Declarado pelo Contribuinte para Apuração do IRPJ e da CSLL,Programa Emergencial de Retomada do Setor de Eventos (Perse) - CSLL,"Lei nº 14.148, de 2021, art. 4.","Redução de alíquota a 0% (zero por cento) da CSLL pelo prazo de 60 (sessenta) meses, a partir de março de 2022, incidentes sobre o resultado auferido pelas pessoas jurídicas pertencentes ao setor de eventos, que exercem as atividades econômicas elencadas no art. 4º.",CSLL,Redução de alíquota da CSLL.,"36329,64"
2023_RenúnciasFiscais.csv,38736,2023,28036959000104,BURGER KING RIVER SHOPPING LTDA,BURGER KING PETROLINA,56112,Restaurantes e outros estabelecimentos de serviços de alimentação e bebidas,PETROLINA,PE,Declarado pelo Contribuinte para Apuração do IRPJ e da CSLL,Programa Emergencial de Retomada do Setor de Eventos (Perse) - IRPJ,"Lei nº 14.148, de 2021, art. 4.","Redução de alíquota a 0% (zero por cento) de IRPJ pelo prazo de 60 (sessenta) meses, a partir de março de 2022, incidentes sobre o resultado auferido pelas pessoas jurídicas pertencentes ao setor de eventos, que exercem as atividades econômicas elencadas no art. 4º.",IRPJ,Redução de alíquota de IRPJ.,"60764,06"
2023_RenúnciasFiscais.csv,38737,2023,28036959000104,BURGER KING RIVER SHOPPING LTDA,BURGER KING PETROLINA,56112,Restaurantes e outros estabelecimentos de serviços de alimentação e bebidas,PETROLINA,PE,Declarado pelo Contribuinte para Apuração do IRPJ e da CSLL,Programa Emergencial de Retomada do Setor de Eventos (Perse) - CSLL,"Lei nº 14.148, de 2021, art. 4.","Redução de alíquota a 0% (zero por cento) da CSLL pelo prazo de 60 (sessenta) meses, a partir de março de 2022, incidentes sobre o resultado auferido pelas pessoas jurídicas pertencentes ao setor de eventos, que exercem as atividades econômicas elencadas no art. 4º.",CSLL,Redução de alíquota da CSLL.,"45772,59"
2023_RenúnciasFiscais.csv,39587,2023,04955192000140,PROSEVIG - PROTECAO E VIGILANCIA LTDA.,PROVIG,80111,Atividades de vigilância e segurança privada,LAURO DE FREITAS,BA,Declarado pelo Contribuinte para Apuração do IRPJ e da CSLL,Programa de Alimentação do Trabalhador,"Lei nº 6.321, de 1976, art. 1º; Lei nº 9.532, de 1997, arts. 5º e 6º, inciso I.","Dedução de até 4% (quatro por cento) do imposto devido, antes do adicional.",IRPJ,Dedução na apuração do IRPJ.,"2950,97"
2023_RenúnciasFiscais.csv,40257,2023,54995261000118,STOLLER DO BRASIL LTDA,STOLLER,20134,Fabricação de adubos e fertilizantes,COSMÓPOLIS,SP,Declarado pelo Contribuinte para Apuração do IRPJ e da CSLL,Incentivo ao Desporto,"Lei nº 11.438, de 2006; Lei nº 13.155, de 2015, art. 43.","Dedução, do imposto devido pela pessoa jurídica tributada com base no lucro real, dos valores despendidos a título de patrocínio ou doação, no apoio direto a projetos desportivos e paradesportivos previamente aprovados pelo Ministério do Esporte.",IRPJ,Dedução na apuração do IRPJ.,"203987,00"
2023_RenúnciasFiscais.csv,40261,2023,54995261000118,STOLLER DO BRASIL LTDA,STOLLER,20134,Fabricação de adubos e fertilizantes,COSMÓPOLIS,SP,Declarado pelo Contribuinte para Apuração do IRPJ e da CSLL,Fundos de Direitos da Criança e do Adolescente,"Lei nº 8.069, de 1990, art. 260; Lei nº 12.594, de 2012, art. 87.","Dedução, do imposto de renda devido em cada período de apuração, das doações efetuadas aos Fundos dos Direitos da Criança e do Adolescente nacional, estaduais ou municipais, devidamente comprovados, observados os limites legais.",IRPJ,Dedução na apuração do IRPJ.,"203987,00"
2023_RenúnciasFiscais.csv,40263,2023,54995261000118,STOLLER DO BRASIL LTDA,STOLLER,20134,Fabricação de adubos e fertilizantes,COSMÓPOLIS,SP,Declarado pelo Contribuinte para Apuração do IRPJ e da CSLL,Fundos do Idoso,"Lei nº 12.213, de 2010; Lei nº 12.594, de 2012, art. 88.","Dedução, do IRPJ devido em cada período de apuração, do total das doações feitas ao Fundo Nacional do Idoso, devidamente comprovadas, vedada a dedução como despesa operacional.",IRPJ,Dedução na apuração do IRPJ.,"203987,00"
2023_RenúnciasFiscais.csv,40265,2023,54995261000118,STOLLER DO BRASIL LTDA,STOLLER,20134,Fabricação de adubos e fertilizantes,COSMÓPOLIS,SP,Declarado pelo Contribuinte para Apuração do IRPJ e da CSLL,Pronac - Programa Nacional de Apoio à Cultura - Dedução do Imposto de Renda,"Lei nº 8.313, de 1991, art. 26, § 1º; Lei nº 9.249, de 1995, art. 13, § 2º, inciso I; Decreto nº 5.761, de 2006, arts. 28 e 30; Lei nº 8.313, de 1991, art. 18, caput e §§ 1º e 3º; Medida Provisória nº 2.228-1, de 2001, art. 39.","Dedução do imposto devido das quantias efetivamente realizadas no período de apuração a título de doações ou patrocínio, tanto mediante contribuições ao Fundo Nacional de Cultura (FNC) na forma de doações.",IRPJ,Dedução na apuração do IRPJ.,"815948,00"
2023_RenúnciasFiscais.csv,40435,2023,59128553000509,STRATURA ASFALTOS LTDA.,,20991,Fabricação de produtos químicos não especificados anteriormente,PAULÍNIA,SP,Imposto de Importação e IPI Vinculado,Imposto de Importação,Contingenciamento - Dec. 198996 - PortMf 26996 - Dec. 209196 - PortMf 1697 - Dec Gmc Nº 4919 E Decreto 102912020,"Valor em real do incentivo, renúncia, benefício ou imunidade (IRBI) do Imposto de Importação (II). É a diferença entre o II calculado e o II a recolher.",Imposto de Importação,,"42803,00"
2023_RenúnciasFiscais.csv,41708,2023,15540549000146,BFT PARANA ACADEMIAS DE GINASTICA LTDA,FIT FOR FREE,93131,Atividades de condicionamento físico,CURITIBA,PR,Declarado pelo Contribuinte para Apuração do IRPJ e da CSLL,Programa de Alimentação do Trabalhador,"Lei nº 6.321, de 1976, art. 1º; Lei nº 9.532, de 1997, arts. 5º e 6º, inciso I.","Dedução de até 4% (quatro por cento) do imposto devido, antes do adicional.",IRPJ,Dedução na apuração do IRPJ.,"3443,79"
2023_RenúnciasFiscais.csv,43752,2023,02866602000151,SUL AMERICA SERVICOS DE SAUDE S/A,,65502,Planos de saúde,SÃO PAULO,SP,Declarado pelo Contribuinte para Apuração do IRPJ e da CSLL,Fundos de Direitos da Criança e do Adolescente,"Lei nº 8.069, de 1990, art. 260; Lei nº 12.594, de 2012, art. 87.","Dedução, do imposto de renda devido em cada período de apuração, das doações efetuadas aos Fundos dos Direitos da Criança e do Adolescente nacional, estaduais ou municipais, devidamente comprovados, observados os limites legais.",IRPJ,Dedução na apuração do IRPJ.,"147991,65"
2023_RenúnciasFiscais.csv,43755,2023,02866602000151,SUL AMERICA SERVICOS DE SAUDE S/A,,65502,Planos de saúde,SÃO PAULO,SP,Declarado pelo Contribuinte para Apuração do IRPJ e da CSLL,Fundos do Idoso,"Lei nº 12.213, de 2010; Lei nº 12.594, de 2012, art. 88.","Dedução, do IRPJ devido em cada período de apuração, do total das doações feitas ao Fundo Nacional do Idoso, devidamente comprovadas, vedada a dedução como despesa operacional.",IRPJ,Dedução na apuração do IRPJ.,"147991,65"
2023_RenúnciasFiscais.csv,43758,2023,02866602000151,SUL AMERICA SERVICOS DE SAUDE S/A,,65502,Planos de saúde,SÃO PAULO,SP,Declarado pelo Contribuinte para Apuração do IRPJ e da CSLL,Incentivo ao Desporto,"Lei nº 11.438, de 2006; Lei nº 13.155, de 2015, art. 43.","Dedução, do imposto devido pela pessoa jurídica tributada com base no lucro real, dos valores despendidos a título de patrocínio ou doação, no apoio direto a projetos desportivos e paradesportivos previamente aprovados pelo Ministério do Esporte.",IRPJ,Dedução na apuração do IRPJ.,"296196,54"
2023_RenúnciasFiscais.csv,43759,2023,02866602000151,SUL AMERICA SERVICOS DE SAUDE S/A,,65502,Planos de saúde,SÃO PAULO,SP,Declarado pelo Contribuinte para Apuração do IRPJ e da CSLL,Programa de Alimentação do Trabalhador,"Lei nº 6.321, de 1976, art. 1º; Lei nº 9.532, de 1997, arts. 5º e 6º, inciso I.","Dedução de até 4% (quatro por cento) do imposto devido, antes do adicional.",IRPJ,Dedução na apuração do IRPJ.,"95383,80"
2023_RenúnciasFiscais.csv,43774,2023,02866602000151,SUL AMERICA SERVICOS DE SAUDE S/A,,65502,Planos de saúde,SÃO PAULO,SP,Declarado pelo Contribuinte para Apuração do IRPJ e da CSLL,Empresa Cidadã,"Lei nº 11.770, de 2008.","Dedução, do imposto devido, do total da remuneração integral paga à empregados, durante os 60 (sessenta) dias de prorrogação da licença maternidade ou 15 (quinze) dias de prorrogação da licença paternidade.",IRPJ,Dedução no cálculo do IRPJ e da CSLL.,"13298,93"
2023_RenúnciasFiscais.csv,43775,2023,02866602000151,SUL AMERICA SERVICOS DE SAUDE S/A,,65502,Planos de saúde,SÃO PAULO,SP,Declarado pelo Contribuinte para Apuração do IRPJ e da CSLL,Pronac - Programa Nacional de Apoio à Cultura - Dedução do Imposto de Renda,"Lei nº 8.313, de 1991, art. 26, § 1º; Lei nº 9.249, de 1995, art. 13, § 2º, inciso I; Decreto nº 5.761, de 2006, arts. 28 e 30; Lei nº 8.313, de 1991, art. 18, caput e §§ 1º e 3º; Medida Provisória nº 2.228-1, de 2001, art. 39.","Dedução do imposto devido das quantias efetivamente realizadas no período de apuração a título de doações ou patrocínio, tanto mediante contribuições ao Fundo Nacional de Cultura (FNC) na forma de doações.",IRPJ,Dedução na apuração do IRPJ.,"585121,77"
2023_RenúnciasFiscais.csv,44777,2023,16521155000103,INSTITUTO CULTURAL NEWTON PAIVA FERREIRA S.A.,,85325,Educação superior - graduação e pós-graduação,BELO HORIZONTE,MG,Declarado pelo Contribuinte para Apuração do IRPJ e da CSLL,Prouni - Programa Universidade para Todos,"Lei nº 11.096, de 2005.","Programa destinado à concessão de bolsas de estudo integrais e bolsas de estudo parciais de 50% (cinquenta por cento) para estudantes de cursos de graduação e sequenciais de formação específica, em instituições privadas de ensino superior, com ou sem fins lucrativos.",IRPJ,Isenção/redução do IRPJ com base no lucro da exploração.,"189321,70"
2023_RenúnciasFiscais.csv,44778,2023,16521155000103,INSTITUTO CULTURAL NEWTON PAIVA FERREIRA S.A.,,85325,Educação superior - graduação e pós-graduação,BELO HORIZONTE,MG,Declarado pelo Contribuinte para Apuração do IRPJ e da CSLL,Prouni - Programa Universidade para Todos CSLL,"Lei nº 11.096, de 2005.","Programa destinado à concessão de bolsas de estudo integrais e bolsas de estudo parciais de 50% (cinquenta por cento) para estudantes de cursos de graduação e sequenciais de formação específica, em instituições privadas de ensino superior, com ou sem fins lucrativos.",CSLL,Dedução na apuração da CSLL.,"70186,18"
2023_RenúnciasFiscais.csv,44791,2023,04776429000126,ITACUA MOTOS LTDA,,00000,Sem informação,RIBEIRÃO PRETO,SP,Declarado pelo Contribuinte para Apuração do IRPJ e da CSLL,Pronac - Programa Nacional de Apoio à Cultura - Dedução do Imposto de Renda,"Lei nº 8.313, de 1991, art. 26, § 1º; Lei nº 9.249, de 1995, art. 13, § 2º, inciso I; Decreto nº 5.761, de 2006, arts. 28 e 30; Lei nº 8.313, de 1991, art. 18, caput e §§ 1º e 3º; Medida Provisória nº 2.228-1, de 2001, art. 39.","Dedução do imposto devido das quantias efetivamente realizadas no período de apuração a título de doações ou patrocínio, tanto mediante contribuições ao Fundo Nacional de Cultura (FNC) na forma de doações.",IRPJ,Dedução na apuração do IRPJ.,"2000,00"
2023_RenúnciasFiscais.csv,44793,2023,04776429000126,ITACUA MOTOS LTDA,,00000,Sem informação,RIBEIRÃO PRETO,SP,Declarado pelo Contribuinte para Apuração do IRPJ e da CSLL,Incentivo ao Desporto,"Lei nº 11.438, de 2006; Lei nº 13.155, de 2015, art. 43.","Dedução, do imposto devido pela pessoa jurídica tributada com base no lucro real, dos valores despendidos a título de patrocínio ou doação, no apoio direto a projetos desportivos e paradesportivos previamente aprovados pelo Ministério do Esporte.",IRPJ,Dedução na apuração do IRPJ.,"1000,00"
2023_RenúnciasFiscais.csv,44795,2023,04776429000126,ITACUA MOTOS LTDA,,00000,Sem informação,RIBEIRÃO PRETO,SP,Declarado pelo Contribuinte para Apuração do IRPJ e da CSLL,Programa de Alimentação do Trabalhador,"Lei nº 6.321, de 1976, art. 1º; Lei nº 9.532, de 1997, arts. 5º e 6º, inciso I.","Dedução de até 4% (quatro por cento) do imposto devido, antes do adicional.",IRPJ,Dedução na apuração do IRPJ.,"3001,72"
2023_RenúnciasFiscais.csv,48449,2023,02980904000156,STECAR COMERCIAL DE VEICULOS LTDA,STECAR,00000,Sem informação,RIBEIRÃO PRETO,SP,Declarado pelo Contribuinte para Apuração do IRPJ e da CSLL,Fundos de Direitos da Criança e do Adolescente,"Lei nº 8.069, de 1990, art. 260; Lei nº 12.594, de 2012, art. 87.","Dedução, do imposto de renda devido em cada período de apuração, das doações efetuadas aos Fundos dos Direitos da Criança e do Adolescente nacional, estaduais ou municipais, devidamente comprovados, observados os limites legais.",IRPJ,Dedução na apuração do IRPJ.,"3000,00"
2023_RenúnciasFiscais.csv,48450,2023,02980904000156,STECAR COMERCIAL DE VEICULOS LTDA,STECAR,00000,Sem informação,RIBEIRÃO PRETO,SP,Declarado pelo Contribuinte para Apuração do IRPJ e da CSLL,Programa de Alimentação do Trabalhador,"Lei nº 6.321, de 1976, art. 1º; Lei nº 9.532, de 1997, arts. 5º e 6º, inciso I.","Dedução de até 4% (quatro por cento) do imposto devido, antes do adicional.",IRPJ,Dedução na apuração do IRPJ.,"12353,69"
2023_RenúnciasFiscais.csv,48451,2023,02980904000156,STECAR COMERCIAL DE VEICULOS LTDA,STECAR,00000,Sem informação,RIBEIRÃO PRETO,SP,Declarado pelo Contribuinte para Apuração do IRPJ e da CSLL,Pronac - Programa Nacional de Apoio à Cultura - Dedução do Imposto de Renda,"Lei nº 8.313, de 1991, art. 26, § 1º; Lei nº 9.249, de 1995, art. 13, § 2º, inciso I; Decreto nº 5.761, de 2006, arts. 28 e 30; Lei nº 8.313, de 1991, art. 18, caput e §§ 1º e 3º; Medida Provisória nº 2.228-1, de 2001, art. 39.","Dedução do imposto devido das quantias efetivamente realizadas no período de apuração a título de doações ou patrocínio, tanto mediante contribuições ao Fundo Nacional de Cultura (FNC) na forma de doações.",IRPJ,Dedução na apuração do IRPJ.,"12000,00"
2023_RenúnciasFiscais.csv,49165,2023,04814563000174,BANCO AFINZ S.A. BANCO MULTIPLO,BANCO AFINZ,64221,"Bancos múltiplos, com carteira comercial",SOROCABA,SP,Declarado pelo Contribuinte para Apuração do IRPJ e da CSLL,Programa de Alimentação do Trabalhador,"Lei nº 6.321, de 1976, art. 1º; Lei nº 9.532, de 1997, arts. 5º e 6º, inciso I.","Dedução de até 4% (quatro por cento) do imposto devido, antes do adicional.",IRPJ,Dedução na apuração do IRPJ.,"2799,98"
2023_RenúnciasFiscais.csv,52259,2023,22870757000179,STEFANI DIESEL LTDA,,00000,Sem informação,JABOTICABAL,SP,Declarado pelo Contribuinte para Apuração do IRPJ e da CSLL,Pronac - Programa Nacional de Apoio à Cultura - Dedução do Imposto de Renda,"Lei nº 8.313, de 1991, art. 26, § 1º; Lei nº 9.249, de 1995, art. 13, § 2º, inciso I; Decreto nº 5.761, de 2006, arts. 28 e 30; Lei nº 8.313, de 1991, art. 18, caput e §§ 1º e 3º; Medida Provisória nº 2.228-1, de 2001, art. 39.","Dedução do imposto devido das quantias efetivamente realizadas no período de apuração a título de doações ou patrocínio, tanto mediante contribuições ao Fundo Nacional de Cultura (FNC) na forma de doações.",IRPJ,Dedução na apuração do IRPJ.,"9500,00"
2023_RenúnciasFiscais.csv,54560,2023,85778074000106,METALURGICA RIOSULENSE SA,RIOSULENSE,29417,Fabricação de peças e acessórios para o sistema motor de veículos automotores,RIO DO SUL,SC,Declarado pelo Contribuinte para Apuração do IRPJ e da CSLL,Programa de Alimentação do Trabalhador,"Lei nº 6.321, de 1976, art. 1º; Lei nº 9.532, de 1997, arts. 5º e 6º, inciso I.","Dedução de até 4% (quatro por cento) do imposto devido, antes do adicional.",IRPJ,Dedução na apuração do IRPJ.,"284630,56"
2023_RenúnciasFiscais.csv,54561,2023,85778074000106,METALURGICA RIOSULENSE SA,RIOSULENSE,29417,Fabricação de peças e acessórios para o sistema motor de veículos automotores,RIO DO SUL,SC,Declarado pelo Contribuinte para Apuração do IRPJ e da CSLL,Incentivo ao Desporto,"Lei nº 11.438, de 2006; Lei nº 13.155, de 2015, art. 43.","Dedução, do imposto devido pela pessoa jurídica tributada com base no lucro real, dos valores despendidos a título de patrocínio ou doação, no apoio direto a projetos desportivos e paradesportivos previamente aprovados pelo Ministério do Esporte.",IRPJ,Dedução na apuração do IRPJ.,"35000,00"
2023_RenúnciasFiscais.csv,57317,2023,17161241000115,MINASMAQUINAS SA,,00000,Sem informação,CONTAGEM,MG,Declarado pelo Contribuinte para Apuração do IRPJ e da CSLL,Fundos de Direitos da Criança e do Adolescente,"Lei nº 8.069, de 1990, art. 260; Lei nº 12.594, de 2012, art. 87.","Dedução, do imposto de renda devido em cada período de apuração, das doações efetuadas aos Fundos dos Direitos da Criança e do Adolescente nacional, estaduais ou municipais, devidamente comprovados, observados os limites legais.",IRPJ,Dedução na apuração do IRPJ.,"50000,00"
2023_RenúnciasFiscais.csv,57318,2023,17161241000115,MINASMAQUINAS SA,,00000,Sem informação,CONTAGEM,MG,Declarado pelo Contribuinte para Apuração do IRPJ e da CSLL,Incentivo ao Desporto,"Lei nº 11.438, de 2006; Lei nº 13.155, de 2015, art. 43.","Dedução, do imposto devido pela pessoa jurídica tributada com base no lucro real, dos valores despendidos a título de patrocínio ou doação, no apoio direto a projetos desportivos e paradesportivos previamente aprovados pelo Ministério do Esporte.",IRPJ,Dedução na apuração do IRPJ.,"129490,78"
2023_RenúnciasFiscais.csv,57363,2023,17161241000115,MINASMAQUINAS SA,,00000,Sem informação,CONTAGEM,MG,Declarado pelo Contribuinte para Apuração do IRPJ e da CSLL,Pronac - Programa Nacional de Apoio à Cultura - Dedução do Imposto de Renda,"Lei nº 8.313, de 1991, art. 26, § 1º; Lei nº 9.249, de 1995, art. 13, § 2º, inciso I; Decreto nº 5.761, de 2006, arts. 28 e 30; Lei nº 8.313, de 1991, art. 18, caput e §§ 1º e 3º; Medida Provisória nº 2.228-1, de 2001, art. 39.","Dedução do imposto devido das quantias efetivamente realizadas no período de apuração a título de doações ou patrocínio, tanto mediante contribuições ao Fundo Nacional de Cultura (FNC) na forma de doações.",IRPJ,Dedução na apuração do IRPJ.,"258981,55"
2023_RenúnciasFiscais.csv,58288,2023,08634282000190,VERZANI & SANDRINI ELETRONICA LTDA,VS- TECH,80200,Atividades de monitoramento de sistemas de segurança,SANTO ANDRÉ,SP,Declarado pelo Contribuinte para Apuração do IRPJ e da CSLL,Programa de Alimentação do Trabalhador,"Lei nº 6.321, de 1976, art. 1º; Lei nº 9.532, de 1997, arts. 5º e 6º, inciso I.","Dedução de até 4% (quatro por cento) do imposto devido, antes do adicional.",IRPJ,Dedução na apuração do IRPJ.,"23546,65"
2023_RenúnciasFiscais.csv,58946,2023,01972480000115,FERROLESTE LTDA,FN FERRONORTE (LESTE),47440,"Comércio varejista de ferragens, madeira e materiais de construção",TERESINA,PI,Declarado pelo Contribuinte para Apuração do IRPJ e da CSLL,Pronac - Programa Nacional de Apoio à Cultura - Dedução do Imposto de Renda,"Lei nº 8.313, de 1991, art. 26, § 1º; Lei nº 9.249, de 1995, art. 13, § 2º, inciso I; Decreto nº 5.761, de 2006, arts. 28 e 30; Lei nº 8.313, de 1991, art. 18, caput e §§ 1º e 3º; Medida Provisória nº 2.228-1, de 2001, art. 39.","Dedução do imposto devido das quantias efetivamente realizadas no período de apuração a título de doações ou patrocínio, tanto mediante contribuições ao Fundo Nacional de Cultura (FNC) na forma de doações.",IRPJ,Dedução na apuração do IRPJ.,"12000,00"
2023_RenúnciasFiscais.csv,60636,2023,44589885000181,BUCKMAN LABORATORIOS LTDA,,20991,Fabricação de produtos químicos não especificados anteriormente,SUMARÉ,SP,Declarado pelo Contribuinte para Apuração do IRPJ e da CSLL,Incentivo ao Desporto,"Lei nº 11.438, de 2006; Lei nº 13.155, de 2015, art. 43.","Dedução, do imposto devido pela pessoa jurídica tributada com base no lucro real, dos valores despendidos a título de patrocínio ou doação, no apoio direto a projetos desportivos e paradesportivos previamente aprovados pelo Ministério do Esporte.",IRPJ,Dedução na apuração do IRPJ.,"100000,00"
2023_RenúnciasFiscais.csv,60729,2023,44589885000181,BUCKMAN LABORATORIOS LTDA,,20991,Fabricação de produtos químicos não especificados anteriormente,SUMARÉ,SP,Declarado pelo Contribuinte para Apuração do IRPJ e da CSLL,Programa de Alimentação do Trabalhador,"Lei nº 6.321, de 1976, art. 1º; Lei nº 9.532, de 1997, arts. 5º e 6º, inciso I.","Dedução de até 4% (quatro por cento) do imposto devido, antes do adicional.",IRPJ,Dedução na apuração do IRPJ.,"152496,80"
2023_RenúnciasFiscais.csv,60732,2023,44589885000181,BUCKMAN LABORATORIOS LTDA,,20991,Fabricação de produtos químicos não especificados anteriormente,SUMARÉ,SP,Declarado pelo Contribuinte para Apuração do IRPJ e da CSLL,Empresa Cidadã,"Lei nº 11.770, de 2008.","Dedução, do imposto devido, do total da remuneração integral paga à empregados, durante os 60 (sessenta) dias de prorrogação da licença maternidade ou 15 (quinze) dias de prorrogação da licença paternidade.",IRPJ,Dedução no cálculo do IRPJ e da CSLL.,"21407,37"
2023_RenúnciasFiscais.csv,64879,2023,28725643000111,HELIO FERREIRA SILEMAN LTDA,PRODUCAO FRAME,59111,"Atividades de produção cinematográfica, de vídeos e de programas de televisão",SÃO PAULO,SP,Declarado pelo Contribuinte para Apuração do IRPJ e da CSLL,Programa Emergencial de Retomada do Setor de Eventos (Perse) - CSLL,"Lei nº 14.148, de 2021, art. 4.","Redução de alíquota a 0% (zero por cento) da CSLL pelo prazo de 60 (sessenta) meses, a partir de março de 2022, incidentes sobre o resultado auferido pelas pessoas jurídicas pertencentes ao setor de eventos, que exercem as atividades econômicas elencadas no art. 4º.",CSLL,Redução de alíquota da CSLL.,"28610,65"
2023_RenúnciasFiscais.csv,65813,2023,09104065000151,AGRICOLA QDELICIA FRUTAS LTDA,QDELICIA FRUTAS,46338,Comércio atacadista de hortifrutigranjeiros,SÃO VICENTE FERRER,PE,Declarado pelo Contribuinte para Apuração do IRPJ e da CSLL,Sudam/Sudene - Redução 75% Projeto Setor Prioritário,"Medida Provisória nº 2.199-14, de 2001, art. 1º; Lei nº 12.715, de 2012, art. 69; Lei nº 12.995, de 2014, art. 10; Lei nº 13.799, de 2019, art. 1º; Decreto nº 9.682, de 2019.","Isenção e redução do imposto de renda para pessoas jurídicas sujeitas à apuração do imposto de renda trimestral ou anual, que gozem dos benefícios fiscais com base no lucro da exploração.",IRPJ,Isenção/redução do IRPJ com base no lucro da exploração.,"541399,53"
2023_RenúnciasFiscais.csv,66053,2023,01814989000130,PM COMUNICACAO LTDA,PM WEB,62091,"Suporte técnico, manutenção e outros serviços em tecnologia da informação",PORTO ALEGRE,RS,Declarado pelo Contribuinte para Apuração do IRPJ e da CSLL,Empresa Cidadã,"Lei nº 11.770, de 2008.","Dedução, do imposto devido, do total da remuneração integral paga à empregados, durante os 60 (sessenta) dias de prorrogação da licença maternidade ou 15 (quinze) dias de prorrogação da licença paternidade.",IRPJ,Dedução no cálculo do IRPJ e da CSLL.,"6021,10"
2023_RenúnciasFiscais.csv,66189,2023,01814989000130,PM COMUNICACAO LTDA,PM WEB,62091,"Suporte técnico, manutenção e outros serviços em tecnologia da informação",PORTO ALEGRE,RS,Declarado pelo Contribuinte para Apuração do IRPJ e da CSLL,Pronac - Programa Nacional de Apoio à Cultura - Dedução do Imposto de Renda,"Lei nº 8.313, de 1991, art. 26, § 1º; Lei nº 9.249, de 1995, art. 13, § 2º, inciso I; Decreto nº 5.761, de 2006, arts. 28 e 30; Lei nº 8.313, de 1991, art. 18, caput e §§ 1º e 3º; Medida Provisória nº 2.228-1, de 2001, art. 39.","Dedução do imposto devido das quantias efetivamente realizadas no período de apuração a título de doações ou patrocínio, tanto mediante contribuições ao Fundo Nacional de Cultura (FNC) na forma de doações.",IRPJ,Dedução na apuração do IRPJ.,"80000,00"
2023_RenúnciasFiscais.csv,66190,2023,01814989000130,PM COMUNICACAO LTDA,PM WEB,62091,"Suporte técnico, manutenção e outros serviços em tecnologia da informação",PORTO ALEGRE,RS,Declarado pelo Contribuinte para Apuração do IRPJ e da CSLL,Incentivo ao Desporto,"Lei nº 11.438, de 2006; Lei nº 13.155, de 2015, art. 43.","Dedução, do imposto devido pela pessoa jurídica tributada com base no lucro real, dos valores despendidos a título de patrocínio ou doação, no apoio direto a projetos desportivos e paradesportivos previamente aprovados pelo Ministério do Esporte.",IRPJ,Dedução na apuração do IRPJ.,"32138,79"
2023_RenúnciasFiscais.csv,66191,2023,01814989000130,PM COMUNICACAO LTDA,PM WEB,62091,"Suporte técnico, manutenção e outros serviços em tecnologia da informação",PORTO ALEGRE,RS,Declarado pelo Contribuinte para Apuração do IRPJ e da CSLL,Programa de Alimentação do Trabalhador,"Lei nº 6.321, de 1976, art. 1º; Lei nº 9.532, de 1997, arts. 5º e 6º, inciso I.","Dedução de até 4% (quatro por cento) do imposto devido, antes do adicional.",IRPJ,Dedução na apuração do IRPJ.,"161192,46"
2023_RenúnciasFiscais.csv,67021,2023,06987668000150,EXCLUSIVA AGENCIAMENTO E TERCEIRIZACAO LTDA,,78205,Locação de mão-de-obra temporária,SÃO PAULO,SP,Declarado pelo Contribuinte para Apuração do IRPJ e da CSLL,Programa Emergencial de Retomada do Setor de Eventos (Perse) - IRPJ,"Lei nº 14.148, de 2021, art. 4.","Redução de alíquota a 0% (zero por cento) de IRPJ pelo prazo de 60 (sessenta) meses, a partir de março de 2022, incidentes sobre o resultado auferido pelas pessoas jurídicas pertencentes ao setor de eventos, que exercem as atividades econômicas elencadas no art. 4º.",IRPJ,Redução de alíquota de IRPJ.,"2990786,50"
2023_RenúnciasFiscais.csv,67022,2023,06987668000150,EXCLUSIVA AGENCIAMENTO E TERCEIRIZACAO LTDA,,78205,Locação de mão-de-obra temporária,SÃO PAULO,SP,Declarado pelo Contribuinte para Apuração do IRPJ e da CSLL,Programa Emergencial de Retomada do Setor de Eventos (Perse) - CSLL,"Lei nº 14.148, de 2021, art. 4.","Redução de alíquota a 0% (zero por cento) da CSLL pelo prazo de 60 (sessenta) meses, a partir de março de 2022, incidentes sobre o resultado auferido pelas pessoas jurídicas pertencentes ao setor de eventos, que exercem as atividades econômicas elencadas no art. 4º.",CSLL,Redução de alíquota da CSLL.,"353932,04"
2023_RenúnciasFiscais.csv,67254,2023,08992236000163,BONFIM MAGALHAES SERVICOS DE CONSULTORIA E PLANEJAMENTO LTDA,IMPACTO SOLUCOES EM PLANEJAMENTO LTDA,71120,Serviços de engenharia,LAURO DE FREITAS,BA,Declarado pelo Contribuinte para Apuração do IRPJ e da CSLL,Programa de Alimentação do Trabalhador,"Lei nº 6.321, de 1976, art. 1º; Lei nº 9.532, de 1997, arts. 5º e 6º, inciso I.","Dedução de até 4% (quatro por cento) do imposto devido, antes do adicional.",IRPJ,Dedução na apuração do IRPJ.,"4737,05"
2023_RenúnciasFiscais.csv,70681,2023,11662449000131,EUROPRESTIGIO DISTRIBUICAO E COMERCIO DE ARTIGOS DE LUXO LTDA.,,47814,Comércio varejista de artigos do vestuário e acessórios,SÃO PAULO,SP,Declarado pelo Contribuinte para Apuração do IRPJ e da CSLL,Programa de Alimentação do Trabalhador,"Lei nº 6.321, de 1976, art. 1º; Lei nº 9.532, de 1997, arts. 5º e 6º, inciso I.","Dedução de até 4% (quatro por cento) do imposto devido, antes do adicional.",IRPJ,Dedução na apuração do IRPJ.,"281209,21"
2023_RenúnciasFiscais.csv,70772,2023,28065603000190,CASA 83 PRODUCOES LTDA,,90019,"Artes cênicas, espetáculos e atividades complementares",RIO DE JANEIRO,RJ,Declarado pelo Contribuinte para Apuração do IRPJ e da CSLL,Programa Emergencial de Retomada do Setor de Eventos (Perse) - CSLL,"Lei nº 14.148, de 2021, art. 4.","Redução de alíquota a 0% (zero por cento) da CSLL pelo prazo de 60 (sessenta) meses, a partir de março de 2022, incidentes sobre o resultado auferido pelas pessoas jurídicas pertencentes ao setor de eventos, que exercem as atividades econômicas elencadas no art. 4º.",CSLL,Redução de alíquota da CSLL.,"63776,94"
2023_RenúnciasFiscais.csv,70773,2023,28065603000190,CASA 83 PRODUCOES LTDA,,90019,"Artes cênicas, espetáculos e atividades complementares",RIO DE JANEIRO,RJ,Declarado pelo Contribuinte para Apuração do IRPJ e da CSLL,Programa Emergencial de Retomada do Setor de Eventos (Perse) - IRPJ,"Lei nº 14.148, de 2021, art. 4.","Redução de alíquota a 0% (zero por cento) de IRPJ pelo prazo de 60 (sessenta) meses, a partir de março de 2022, incidentes sobre o resultado auferido pelas pessoas jurídicas pertencentes ao setor de eventos, que exercem as atividades econômicas elencadas no art. 4º.",IRPJ,Redução de alíquota de IRPJ.,"156284,71"
2023_RenúnciasFiscais.csv,74011,2023,48776167000175,MAQNELSON ELEVA LTDA,,46613,"Comércio atacadista de máquinas, aparelhos e equipamentos para uso agropecuário; partes e peças",UBERLÂNDIA,MG,Declarado pelo Contribuinte para Apuração do IRPJ e da CSLL,Programa de Alimentação do Trabalhador,"Lei nº 6.321, de 1976, art. 1º; Lei nº 9.532, de 1997, arts. 5º e 6º, inciso I.","Dedução de até 4% (quatro por cento) do imposto devido, antes do adicional.",IRPJ,Dedução na apuração do IRPJ.,"5155,33"
2023_RenúnciasFiscais.csv,74048,2023,57214900000159,UNIMED ALTA MOGIANA COOPERATIVA DE TRABALHO MEDICO,UNIMED ALTA MOGIANA,65502,Planos de saúde,ORLÂNDIA,SP,Declarado pelo Contribuinte para Apuração do IRPJ e da CSLL,Programa de Alimentação do Trabalhador,"Lei nº 6.321, de 1976, art. 1º; Lei nº 9.532, de 1997, arts. 5º e 6º, inciso I.","Dedução de até 4% (quatro por cento) do imposto devido, antes do adicional.",IRPJ,Dedução na apuração do IRPJ.,"15035,71"
2023_RenúnciasFiscais.csv,76512,2023,78257763000100,INDUSTRIA E COMERCIO DE ARTESANATOS VAVASSORI LTDA,ARTEVAL,31012,Fabricação de móveis com predominância de madeira,JOINVILLE,SC,Declarado pelo Contribuinte para Apuração do IRPJ e da CSLL,Programa Emergencial de Retomada do Setor de Eventos (Perse) - IRPJ,"Lei nº 14.148, de 2021, art. 4.","Redução de alíquota a 0% (zero por cento) de IRPJ pelo prazo de 60 (sessenta) meses, a partir de março de 2022, incidentes sobre o resultado auferido pelas pessoas jurídicas pertencentes ao setor de eventos, que exercem as atividades econômicas elencadas no art. 4º.",IRPJ,Redução de alíquota de IRPJ.,"429536,81"
2023_RenúnciasFiscais.csv,76514,2023,78257763000100,INDUSTRIA E COMERCIO DE ARTESANATOS VAVASSORI LTDA,ARTEVAL,31012,Fabricação de móveis com predominância de madeira,JOINVILLE,SC,Declarado pelo Contribuinte para Apuração do IRPJ e da CSLL,Programa Emergencial de Retomada do Setor de Eventos (Perse) - CSLL,"Lei nº 14.148, de 2021, art. 4.","Redução de alíquota a 0% (zero por cento) da CSLL pelo prazo de 60 (sessenta) meses, a partir de março de 2022, incidentes sobre o resultado auferido pelas pessoas jurídicas pertencentes ao setor de eventos, que exercem as atividades econômicas elencadas no art. 4º.",CSLL,Redução de alíquota da CSLL.,"132602,77"
2023_RenúnciasFiscais.csv,76556,2023,84704683000158,QUIMIDROL COMERCIO INDUSTRIA IMPORTACAO LTDA,,46842,"Comércio atacadista de produtos químicos e petroquímicos, exceto agroquímicos",JOINVILLE,SC,Declarado pelo Contribuinte para Apuração do IRPJ e da CSLL,Programa de Alimentação do Trabalhador,"Lei nº 6.321, de 1976, art. 1º; Lei nº 9.532, de 1997, arts. 5º e 6º, inciso I.","Dedução de até 4% (quatro por cento) do imposto devido, antes do adicional.",IRPJ,Dedução na apuração do IRPJ.,"31863,81"
2023_RenúnciasFiscais.csv,76809,2023,01608570000121,OPPORTUNITY GESTORA DE RECURSOS LTDA,,66304,Atividades de administração de fundos por contrato ou comissão,RIO DE JANEIRO,RJ,Declarado pelo Contribuinte para Apuração do IRPJ e da CSLL,Atividade Audiovisual - Dedução do Imposto de Renda,"Lei nº 8.685, de 1993, arts. 1º e 1º-A; Lei nº 9.323, de 1996, art. 1º; Lei nº 9.532, de 1997, arts. 5º e 6º; Lei nº 11.437, de 2006, arts. 7º, 8º e 9º; Lei nº 12.375, de 2010, arts. 12 e 13; Medida Provisória nº 2.228-1 de 2001.","Deduções, do imposto de renda, dos valores relativos aos incentivos à atividade audiovisual e à atividade cultural não podem exceder a 4% (quatro por cento) do imposto devido.",IRPJ,Dedução na apuração do IRPJ.,"42171,45"
2023_RenúnciasFiscais.csv,76810,2023,01608570000121,OPPORTUNITY GESTORA DE RECURSOS LTDA,,66304,Atividades de administração de fundos por contrato ou comissão,RIO DE JANEIRO,RJ,Declarado pelo Contribuinte para Apuração do IRPJ e da CSLL,Programa de Alimentação do Trabalhador,"Lei nº 6.321, de 1976, art. 1º; Lei nº 9.532, de 1997, arts. 5º e 6º, inciso I.","Dedução de até 4% (quatro por cento) do imposto devido, antes do adicional.",IRPJ,Dedução na apuração do IRPJ.,"42171,45"
2023_RenúnciasFiscais.csv,79291,2023,14633821000170,STECAR AMERICA LTDA,STECAR AMERICA,00000,Sem informação,RIBEIRÃO PRETO,SP,Declarado pelo Contribuinte para Apuração do IRPJ e da CSLL,Pronac - Programa Nacional de Apoio à Cultura - Dedução do Imposto de Renda,"Lei nº 8.313, de 1991, art. 26, § 1º; Lei nº 9.249, de 1995, art. 13, § 2º, inciso I; Decreto nº 5.761, de 2006, arts. 28 e 30; Lei nº 8.313, de 1991, art. 18, caput e §§ 1º e 3º; Medida Provisória nº 2.228-1, de 2001, art. 39.","Dedução do imposto devido das quantias efetivamente realizadas no período de apuração a título de doações ou patrocínio, tanto mediante contribuições ao Fundo Nacional de Cultura (FNC) na forma de doações.",IRPJ,Dedução na apuração do IRPJ.,"27000,00"
2023_RenúnciasFiscais.csv,79294,2023,14633821000170,STECAR AMERICA LTDA,STECAR AMERICA,00000,Sem informação,RIBEIRÃO PRETO,SP,Declarado pelo Contribuinte para Apuração do IRPJ e da CSLL,Programa de Alimentação do Trabalhador,"Lei nº 6.321, de 1976, art. 1º; Lei nº 9.532, de 1997, arts. 5º e 6º, inciso I.","Dedução de até 4% (quatro por cento) do imposto devido, antes do adicional.",IRPJ,Dedução na apuração do IRPJ.,"33963,06"
2023_RenúnciasFiscais.csv,79460,2023,55767354000158,BLAYA AUTO POSTO LTDA,,47318,Comércio varejista de combustíveis para veículos automotores,LIMEIRA,SP,Declarado pelo Contribuinte para Apuração do IRPJ e da CSLL,Programa de Alimentação do Trabalhador,"Lei nº 6.321, de 1976, art. 1º; Lei nº 9.532, de 1997, arts. 5º e 6º, inciso I.","Dedução de até 4% (quatro por cento) do imposto devido, antes do adicional.",IRPJ,Dedução na apuração do IRPJ.,"2556,80"
2023_RenúnciasFiscais.csv,80705,2023,37883577000107,UMA CENOGRAFIA E STANDS LTDA,UMA CENOGRAFIA,47547,"Comércio varejista especializado de móveis, colchoaria e artigos de iluminação",RIBEIRÃO PRETO,SP,Declarado pelo Contribuinte para Apuração do IRPJ e da CSLL,Programa Emergencial de Retomada do Setor de Eventos (Perse) - IRPJ,"Lei nº 14.148, de 2021, art. 4.","Redução de alíquota a 0% (zero por cento) de IRPJ pelo prazo de 60 (sessenta) meses, a partir de março de 2022, incidentes sobre o resultado auferido pelas pessoas jurídicas pertencentes ao setor de eventos, que exercem as atividades econômicas elencadas no art. 4º.",IRPJ,Redução de alíquota de IRPJ.,"27253,18"
2023_RenúnciasFiscais.csv,80749,2023,37883577000107,UMA CENOGRAFIA E STANDS LTDA,UMA CENOGRAFIA,47547,"Comércio varejista especializado de móveis, colchoaria e artigos de iluminação",RIBEIRÃO PRETO,SP,Declarado pelo Contribuinte para Apuração do IRPJ e da CSLL,Programa Emergencial de Retomada do Setor de Eventos (Perse) - CSLL,"Lei nº 14.148, de 2021, art. 4.","Redução de alíquota a 0% (zero por cento) da CSLL pelo prazo de 60 (sessenta) meses, a partir de março de 2022, incidentes sobre o resultado auferido pelas pessoas jurídicas pertencentes ao setor de eventos, que exercem as atividades econômicas elencadas no art. 4º.",CSLL,Redução de alíquota da CSLL.,"45183,12"
2023_RenúnciasFiscais.csv,82296,2023,45231016000143,RIBEIRAO DIESEL S A VEICULOS,,00000,Sem informação,RIBEIRÃO PRETO,SP,Declarado pelo Contribuinte para Apuração do IRPJ e da CSLL,Programa de Alimentação do Trabalhador,"Lei nº 6.321, de 1976, art. 1º; Lei nº 9.532, de 1997, arts. 5º e 6º, inciso I.","Dedução de até 4% (quatro por cento) do imposto devido, antes do adicional.",IRPJ,Dedução na apuração do IRPJ.,"78247,36"
2023_RenúnciasFiscais.csv,82297,2023,45231016000143,RIBEIRAO DIESEL S A VEICULOS,,00000,Sem informação,RIBEIRÃO PRETO,SP,Declarado pelo Contribuinte para Apuração do IRPJ e da CSLL,Pronac - Programa Nacional de Apoio à Cultura - Dedução do Imposto de Renda,"Lei nº 8.313, de 1991, art. 26, § 1º; Lei nº 9.249, de 1995, art. 13, § 2º, inciso I; Decreto nº 5.761, de 2006, arts. 28 e 30; Lei nº 8.313, de 1991, art. 18, caput e §§ 1º e 3º; Medida Provisória nº 2.228-1, de 2001, art. 39.","Dedução do imposto devido das quantias efetivamente realizadas no período de apuração a título de doações ou patrocínio, tanto mediante contribuições ao Fundo Nacional de Cultura (FNC) na forma de doações.",IRPJ,Dedução na apuração do IRPJ.,"78200,00"
2023_RenúnciasFiscais.csv,82298,2023,45231016000143,RIBEIRAO DIESEL S A VEICULOS,,00000,Sem informação,RIBEIRÃO PRETO,SP,Declarado pelo Contribuinte para Apuração do IRPJ e da CSLL,Fundos de Direitos da Criança e do Adolescente,"Lei nº 8.069, de 1990, art. 260; Lei nº 12.594, de 2012, art. 87.","Dedução, do imposto de renda devido em cada período de apuração, das doações efetuadas aos Fundos dos Direitos da Criança e do Adolescente nacional, estaduais ou municipais, devidamente comprovados, observados os limites legais.",IRPJ,Dedução na apuração do IRPJ.,"19500,00"
2023_RenúnciasFiscais.csv,82571,2023,05802605000110,ANGELO EDELBERTO GONZAGA DE ARAUJO LTDA,BODE DO ANGELO,56112,Restaurantes e outros estabelecimentos de serviços de alimentação e bebidas,PETROLINA,PE,Declarado pelo Contribuinte para Apuração do IRPJ e da CSLL,Programa Emergencial de Retomada do Setor de Eventos (Perse) - IRPJ,"Lei nº 14.148, de 2021, art. 4.","Redução de alíquota a 0% (zero por cento) de IRPJ pelo prazo de 60 (sessenta) meses, a partir de março de 2022, incidentes sobre o resultado auferido pelas pessoas jurídicas pertencentes ao setor de eventos, que exercem as atividades econômicas elencadas no art. 4º.",IRPJ,Redução de alíquota de IRPJ.,"282149,28"
2023_RenúnciasFiscais.csv,82572,2023,05802605000110,ANGELO EDELBERTO GONZAGA DE ARAUJO LTDA,BODE DO ANGELO,56112,Restaurantes e outros estabelecimentos de serviços de alimentação e bebidas,PETROLINA,PE,Declarado pelo Contribuinte para Apuração do IRPJ e da CSLL,Programa Emergencial de Retomada do Setor de Eventos (Perse) - CSLL,"Lei nº 14.148, de 2021, art. 4.","Redução de alíquota a 0% (zero por cento) da CSLL pelo prazo de 60 (sessenta) meses, a partir de março de 2022, incidentes sobre o resultado auferido pelas pessoas jurídicas pertencentes ao setor de eventos, que exercem as atividades econômicas elencadas no art. 4º.",CSLL,Redução de alíquota da CSLL.,"165320,60"
2023_RenúnciasFiscais.csv,84389,2023,61150348000150,COMPANHIA NITRO QUIMICA BRASILEIRA,,20193,Fabricação de produtos químicos inorgânicos não especificados anteriormente,SÃO PAULO,SP,Declarado pelo Contribuinte para Apuração do IRPJ e da CSLL,Pronac - Programa Nacional de Apoio à Cultura - Dedução do Imposto de Renda,"Lei nº 8.313, de 1991, art. 26, § 1º; Lei nº 9.249, de 1995, art. 13, § 2º, inciso I; Decreto nº 5.761, de 2006, arts. 28 e 30; Lei nº 8.313, de 1991, art. 18, caput e §§ 1º e 3º; Medida Provisória nº 2.228-1, de 2001, art. 39.","Dedução do imposto devido das quantias efetivamente realizadas no período de apuração a título de doações ou patrocínio, tanto mediante contribuições ao Fundo Nacional de Cultura (FNC) na forma de doações.",IRPJ,Dedução na apuração do IRPJ.,"25000,00"
2023_RenúnciasFiscais.csv,84391,2023,61150348000150,COMPANHIA NITRO QUIMICA BRASILEIRA,,20193,Fabricação de produtos químicos inorgânicos não especificados anteriormente,SÃO PAULO,SP,Declarado pelo Contribuinte para Apuração do IRPJ e da CSLL,Empresa Cidadã,"Lei nº 11.770, de 2008.","Dedução, do imposto devido, do total da remuneração integral paga à empregados, durante os 60 (sessenta) dias de prorrogação da licença maternidade ou 15 (quinze) dias de prorrogação da licença paternidade.",IRPJ,Dedução no cálculo do IRPJ e da CSLL.,"33486,94"
2023_RenúnciasFiscais.csv,85492,2023,52084225000177,ITACUA COMERCIAL DE VEICULOS LTDA,,00000,Sem informação,RIBEIRÃO PRETO,SP,Declarado pelo Contribuinte para Apuração do IRPJ e da CSLL,Pronac - Programa Nacional de Apoio à Cultura - Dedução do Imposto de Renda,"Lei nº 8.313, de 1991, art. 26, § 1º; Lei nº 9.249, de 1995, art. 13, § 2º, inciso I; Decreto nº 5.761, de 2006, arts. 28 e 30; Lei nº 8.313, de 1991, art. 18, caput e §§ 1º e 3º; Medida Provisória nº 2.228-1, de 2001, art. 39.","Dedução do imposto devido das quantias efetivamente realizadas no período de apuração a título de doações ou patrocínio, tanto mediante contribuições ao Fundo Nacional de Cultura (FNC) na forma de doações.",IRPJ,Dedução na apuração do IRPJ.,"2770,00"
2023_RenúnciasFiscais.csv,85498,2023,52084225000177,ITACUA COMERCIAL DE VEICULOS LTDA,,00000,Sem informação,RIBEIRÃO PRETO,SP,Declarado pelo Contribuinte para Apuração do IRPJ e da CSLL,Programa de Alimentação do Trabalhador,"Lei nº 6.321, de 1976, art. 1º; Lei nº 9.532, de 1997, arts. 5º e 6º, inciso I.","Dedução de até 4% (quatro por cento) do imposto devido, antes do adicional.",IRPJ,Dedução na apuração do IRPJ.,"2773,81"
2023_RenúnciasFiscais.csv,85499,2023,52084225000177,ITACUA COMERCIAL DE VEICULOS LTDA,,00000,Sem informação,RIBEIRÃO PRETO,SP,Declarado pelo Contribuinte para Apuração do IRPJ e da CSLL,Fundos de Direitos da Criança e do Adolescente,"Lei nº 8.069, de 1990, art. 260; Lei nº 12.594, de 2012, art. 87.","Dedução, do imposto de renda devido em cada período de apuração, das doações efetuadas aos Fundos dos Direitos da Criança e do Adolescente nacional, estaduais ou municipais, devidamente comprovados, observados os limites legais.",IRPJ,Dedução na apuração do IRPJ.,"690,00"
2023_RenúnciasFiscais.csv,85609,2023,04882084000195,LINDSAY AMERICA DO SUL LTDA.,LINDSAY,28321,Fabricação de equipamentos para irrigação agrícola,MOGI MIRIM,SP,Declarado pelo Contribuinte para Apuração do IRPJ e da CSLL,Programa de Alimentação do Trabalhador,"Lei nº 6.321, de 1976, art. 1º; Lei nº 9.532, de 1997, arts. 5º e 6º, inciso I.","Dedução de até 4% (quatro por cento) do imposto devido, antes do adicional.",IRPJ,Dedução na apuração do IRPJ.,"156071,15"
2023_RenúnciasFiscais.csv,89120,2023,07791111000102,MAQNELSON AGRICOLA LTDA,MAQNELSON AGRICOLA,46613,"Comércio atacadista de máquinas, aparelhos e equipamentos para uso agropecuário; partes e peças",UBERLÂNDIA,MG,Declarado pelo Contribuinte para Apuração do IRPJ e da CSLL,Pronac - Programa Nacional de Apoio à Cultura - Dedução do Imposto de Renda,"Lei nº 8.313, de 1991, art. 26, § 1º; Lei nº 9.249, de 1995, art. 13, § 2º, inciso I; Decreto nº 5.761, de 2006, arts. 28 e 30; Lei nº 8.313, de 1991, art. 18, caput e §§ 1º e 3º; Medida Provisória nº 2.228-1, de 2001, art. 39.","Dedução do imposto devido das quantias efetivamente realizadas no período de apuração a título de doações ou patrocínio, tanto mediante contribuições ao Fundo Nacional de Cultura (FNC) na forma de doações.",IRPJ,Dedução na apuração do IRPJ.,"842616,20"
2023_RenúnciasFiscais.csv,89121,2023,07791111000102,MAQNELSON AGRICOLA LTDA,MAQNELSON AGRICOLA,46613,"Comércio atacadista de máquinas, aparelhos e equipamentos para uso agropecuário; partes e peças",UBERLÂNDIA,MG,Declarado pelo Contribuinte para Apuração do IRPJ e da CSLL,Incentivo ao Desporto,"Lei nº 11.438, de 2006; Lei nº 13.155, de 2015, art. 43.","Dedução, do imposto devido pela pessoa jurídica tributada com base no lucro real, dos valores despendidos a título de patrocínio ou doação, no apoio direto a projetos desportivos e paradesportivos previamente aprovados pelo Ministério do Esporte.",IRPJ,Dedução na apuração do IRPJ.,"421308,08"
2023_RenúnciasFiscais.csv,89122,2023,07791111000102,MAQNELSON AGRICOLA LTDA,MAQNELSON AGRICOLA,46613,"Comércio atacadista de máquinas, aparelhos e equipamentos para uso agropecuário; partes e peças",UBERLÂNDIA,MG,Declarado pelo Contribuinte para Apuração do IRPJ e da CSLL,Fundos do Idoso,"Lei nº 12.213, de 2010; Lei nº 12.594, de 2012, art. 88.","Dedução, do IRPJ devido em cada período de apuração, do total das doações feitas ao Fundo Nacional do Idoso, devidamente comprovadas, vedada a dedução como despesa operacional.",IRPJ,Dedução na apuração do IRPJ.,"210754,06"
2023_RenúnciasFiscais.csv,89137,2023,10282790000107,PRIME GERADORES LOCACAO DE EQUIPAMENTOS LTDA,PRIME,77390,Aluguel de máquinas e equipamentos não especificados anteriormente,SÃO BERNARDO DO CAMPO,SP,Declarado pelo Contribuinte para Apuração do IRPJ e da CSLL,Programa Emergencial de Retomada do Setor de Eventos (Perse) - IRPJ,"Lei nº 14.148, de 2021, art. 4.","Redução de alíquota a 0% (zero por cento) de IRPJ pelo prazo de 60 (sessenta) meses, a partir de março de 2022, incidentes sobre o resultado auferido pelas pessoas jurídicas pertencentes ao setor de eventos, que exercem as atividades econômicas elencadas no art. 4º.",IRPJ,Redução de alíquota de IRPJ.,"2607475,01"
2023_RenúnciasFiscais.csv,91166,2023,32384826000198,SN EVENTOS E TREINAMENTO LTDA,SN EVENTOS E TREINAMENTO,82300,"Atividades de organização de eventos, exceto culturais e esportivos",SANTANA DE PARNAÍBA,SP,Declarado pelo Contribuinte para Apuração do IRPJ e da CSLL,Programa Emergencial de Retomada do Setor de Eventos (Perse) - CSLL,"Lei nº 14.148, de 2021, art. 4.","Redução de alíquota a 0% (zero por cento) da CSLL pelo prazo de 60 (sessenta) meses, a partir de março de 2022, incidentes sobre o resultado auferido pelas pessoas jurídicas pertencentes ao setor de eventos, que exercem as atividades econômicas elencadas no art. 4º.",CSLL,Redução de alíquota da CSLL.,"8584,27"
2023_RenúnciasFiscais.csv,91168,2023,32384826000198,SN EVENTOS E TREINAMENTO LTDA,SN EVENTOS E TREINAMENTO,82300,"Atividades de organização de eventos, exceto culturais e esportivos",SANTANA DE PARNAÍBA,SP,Declarado pelo Contribuinte para Apuração do IRPJ e da CSLL,Programa Emergencial de Retomada do Setor de Eventos (Perse) - IRPJ,"Lei nº 14.148, de 2021, art. 4.","Redução de alíquota a 0% (zero por cento) de IRPJ pelo prazo de 60 (sessenta) meses, a partir de março de 2022, incidentes sobre o resultado auferido pelas pessoas jurídicas pertencentes ao setor de eventos, que exercem as atividades econômicas elencadas no art. 4º.",IRPJ,Redução de alíquota de IRPJ.,"14867,12"
2023_RenúnciasFiscais.csv,91730,2023,92175892000180,ALUMICONTE COMPONENTES DE ALUMINIO LTDA,,25993,Fabricação de produtos de metal não especificados anteriormente,VILA FLORES,RS,Declarado pelo Contribuinte para Apuração do IRPJ e da CSLL,Programa de Alimentação do Trabalhador,"Lei nº 6.321, de 1976, art. 1º; Lei nº 9.532, de 1997, arts. 5º e 6º, inciso I.","Dedução de até 4% (quatro por cento) do imposto devido, antes do adicional.",IRPJ,Dedução na apuração do IRPJ.,"3498,89"
2023_RenúnciasFiscais.csv,91731,2023,92175892000180,ALUMICONTE COMPONENTES DE ALUMINIO LTDA,,25993,Fabricação de produtos de metal não especificados anteriormente,VILA FLORES,RS,Declarado pelo Contribuinte para Apuração do IRPJ e da CSLL,Pronac - Programa Nacional de Apoio à Cultura - Dedução do Imposto de Renda,"Lei nº 8.313, de 1991, art. 26, § 1º; Lei nº 9.249, de 1995, art. 13, § 2º, inciso I; Decreto nº 5.761, de 2006, arts. 28 e 30; Lei nº 8.313, de 1991, art. 18, caput e §§ 1º e 3º; Medida Provisória nº 2.228-1, de 2001, art. 39.","Dedução do imposto devido das quantias efetivamente realizadas no período de apuração a título de doações ou patrocínio, tanto mediante contribuições ao Fundo Nacional de Cultura (FNC) na forma de doações.",IRPJ,Dedução na apuração do IRPJ.,"3498,89"
2023_RenúnciasFiscais.csv,91732,2023,92175892000180,ALUMICONTE COMPONENTES DE ALUMINIO LTDA,,25993,Fabricação de produtos de metal não especificados anteriormente,VILA FLORES,RS,Declarado pelo Contribuinte para Apuração do IRPJ e da CSLL,Incentivo ao Desporto,"Lei nº 11.438, de 2006; Lei nº 13.155, de 2015, art. 43.","Dedução, do imposto devido pela pessoa jurídica tributada com base no lucro real, dos valores despendidos a título de patrocínio ou doação, no apoio direto a projetos desportivos e paradesportivos previamente aprovados pelo Ministério do Esporte.",IRPJ,Dedução na apuração do IRPJ.,"1749,44"
2023_RenúnciasFiscais.csv,94791,2023,67852822000171,VISKASE BRASIL EMBALAGENS LTDA,VISKASE BRASIL,22226,Fabricação de embalagens de material plástico,ATIBAIA,SP,Declarado pelo Contribuinte para Apuração do IRPJ e da CSLL,Programa de Alimentação do Trabalhador,"Lei nº 6.321, de 1976, art. 1º; Lei nº 9.532, de 1997, arts. 5º e 6º, inciso I.","Dedução de até 4% (quatro por cento) do imposto devido, antes do adicional.",IRPJ,Dedução na apuração do IRPJ.,"95738,76"
2023_RenúnciasFiscais.csv,96863,2023,01710918000197,TV MINAS CENTRO-OESTE LTDA,,60217,Atividades de televisão aberta,DIVINÓPOLIS,MG,Declarado pelo Contribuinte para Apuração do IRPJ e da CSLL,Horário Eleitoral,"Lei nº 9.096, de 1995; art. 50-E; Lei nº 9.504, de 1997, Art. 99","As emissoras de rádio e televisão obrigadas à divulgação gratuita de propaganda partidária e eleitoral, de plebiscitos e de referendos poderão efetuar a compensação fiscal pela cedência do horário gratuito.",IRPJ,Dedução no LALUR,"2395648,80"
2023_RenúnciasFiscais.csv,99391,2023,18437149000106,GOURMET SPORTS HOSPITALITY SERVICOS DE ALIMENTACAO LTDA,,56201,"Serviços de catering, bufê e outros serviços de comida preparada",SÃO PAULO,SP,Declarado pelo Contribuinte para Apuração do IRPJ e da CSLL,Programa Emergencial de Retomada do Setor de Eventos (Perse) - IRPJ,"Lei nº 14.148, de 2021, art. 4.","Redução de alíquota a 0% (zero por cento) de IRPJ pelo prazo de 60 (sessenta) meses, a partir de março de 2022, incidentes sobre o resultado auferido pelas pessoas jurídicas pertencentes ao setor de eventos, que exercem as atividades econômicas elencadas no art. 4º.",IRPJ,Redução de alíquota de IRPJ.,"2110644,76"
2023_RenúnciasFiscais.csv,99392,2023,18437149000106,GOURMET SPORTS HOSPITALITY SERVICOS DE ALIMENTACAO LTDA,,56201,"Serviços de catering, bufê e outros serviços de comida preparada",SÃO PAULO,SP,Declarado pelo Contribuinte para Apuração do IRPJ e da CSLL,Programa Emergencial de Retomada do Setor de Eventos (Perse) - CSLL,"Lei nº 14.148, de 2021, art. 4.","Redução de alíquota a 0% (zero por cento) da CSLL pelo prazo de 60 (sessenta) meses, a partir de março de 2022, incidentes sobre o resultado auferido pelas pessoas jurídicas pertencentes ao setor de eventos, que exercem as atividades econômicas elencadas no art. 4º.",CSLL,Redução de alíquota da CSLL.,"615458,96"
2023_RenúnciasFiscais.csv,99838,2023,57663932000131,INTERUNION COMERCIO INTERNACIONAL LTDA,INTERUNION,46630,Comércio atacadista de máquinas e equipamentos para uso industrial; partes e peças,RIBEIRÃO PRETO,SP,Declarado pelo Contribuinte para Apuração do IRPJ e da CSLL,Pronon - Programa Nacional de Apoio à Atenção Oncológica,"Lei nº 12.715, de 2012, arts. 1º a 14; Lei nº 12.844, de 2013, art. 28; Lei nº 13.169, de 2015, art. 10.","Dedução, do imposto devido, dos valores correspondentes às doações e aos patrocínios diretamente efetuados em prol de ações e serviços desenvolvidos no âmbito do Pronon e desenvolvidos por instituições indicadas em lei.",IRPJ,Dedução na apuração do IRPJ.,"36000,00"
2023_RenúnciasFiscais.csv,99845,2023,57663932000131,INTERUNION COMERCIO INTERNACIONAL LTDA,INTERUNION,46630,Comércio atacadista de máquinas e equipamentos para uso industrial; partes e peças,RIBEIRÃO PRETO,SP,Declarado pelo Contribuinte para Apuração do IRPJ e da CSLL,Fundos do Idoso,"Lei nº 12.213, de 2010; Lei nº 12.594, de 2012, art. 88.","Dedução, do IRPJ devido em cada período de apuração, do total das doações feitas ao Fundo Nacional do Idoso, devidamente comprovadas, vedada a dedução como despesa operacional.",IRPJ,Dedução na apuração do IRPJ.,"36000,00"
2023_RenúnciasFiscais.csv,99848,2023,57663932000131,INTERUNION COMERCIO INTERNACIONAL LTDA,INTERUNION,46630,Comércio atacadista de máquinas e equipamentos para uso industrial; partes e peças,RIBEIRÃO PRETO,SP,Declarado pelo Contribuinte para Apuração do IRPJ e da CSLL,Programa de Alimentação do Trabalhador,"Lei nº 6.321, de 1976, art. 1º; Lei nº 9.532, de 1997, arts. 5º e 6º, inciso I.","Dedução de até 4% (quatro por cento) do imposto devido, antes do adicional.",IRPJ,Dedução na apuração do IRPJ.,"167361,83"
2023_RenúnciasFiscais.csv,99850,2023,57663932000131,INTERUNION COMERCIO INTERNACIONAL LTDA,INTERUNION,46630,Comércio atacadista de máquinas e equipamentos para uso industrial; partes e peças,RIBEIRÃO PRETO,SP,Declarado pelo Contribuinte para Apuração do IRPJ e da CSLL,Incentivo ao Desporto,"Lei nº 11.438, de 2006; Lei nº 13.155, de 2015, art. 43.","Dedução, do imposto devido pela pessoa jurídica tributada com base no lucro real, dos valores despendidos a título de patrocínio ou doação, no apoio direto a projetos desportivos e paradesportivos previamente aprovados pelo Ministério do Esporte.",IRPJ,Dedução na apuração do IRPJ.,"73000,00"
2023_RenúnciasFiscais.csv,99852,2023,57663932000131,INTERUNION COMERCIO INTERNACIONAL LTDA,INTERUNION,46630,Comércio atacadista de máquinas e equipamentos para uso industrial; partes e peças,RIBEIRÃO PRETO,SP,Declarado pelo Contribuinte para Apuração do IRPJ e da CSLL,Pronac - Programa Nacional de Apoio à Cultura - Dedução do Imposto de Renda,"Lei nº 8.313, de 1991, art. 26, § 1º; Lei nº 9.249, de 1995, art. 13, § 2º, inciso I; Decreto nº 5.761, de 2006, arts. 28 e 30; Lei nº 8.313, de 1991, art. 18, caput e §§ 1º e 3º; Medida Provisória nº 2.228-1, de 2001, art. 39.","Dedução do imposto devido das quantias efetivamente realizadas no período de apuração a título de doações ou patrocínio, tanto mediante contribuições ao Fundo Nacional de Cultura (FNC) na forma de doações.",IRPJ,Dedução na apuração do IRPJ.,"146000,00"
2023_RenúnciasFiscais.csv,99853,2023,57663932000131,INTERUNION COMERCIO INTERNACIONAL LTDA,INTERUNION,46630,Comércio atacadista de máquinas e equipamentos para uso industrial; partes e peças,RIBEIRÃO PRETO,SP,Declarado pelo Contribuinte para Apuração do IRPJ e da CSLL,Pronas/PCD - Programa Nacional de Apoio à Atenção da Saúde da Pessoa com Deficiência,"Lei nº 12.715, de 2012, arts. 1º a 14; Lei nº 12.844, de 2013, art. 28. Lei nº 13.169, de 2015, art. 10.","Dedução, do imposto devido, dos valores correspondentes às doações e aos patrocínios diretamente efetuados em prol de ações e serviços desenvolvidos no âmbito do Pronas/PCD e desenvolvidos por instituições indicadas em lei.",IRPJ,Dedução na apuração do IRPJ.,"36000,00"
2023_RenúnciasFiscais.csv,99854,2023,57663932000131,INTERUNION COMERCIO INTERNACIONAL LTDA,INTERUNION,46630,Comércio atacadista de máquinas e equipamentos para uso industrial; partes e peças,RIBEIRÃO PRETO,SP,Declarado pelo Contribuinte para Apuração do IRPJ e da CSLL,Fundos de Direitos da Criança e do Adolescente,"Lei nº 8.069, de 1990, art. 260; Lei nº 12.594, de 2012, art. 87.","Dedução, do imposto de renda devido em cada período de apuração, das doações efetuadas aos Fundos dos Direitos da Criança e do Adolescente nacional, estaduais ou municipais, devidamente comprovados, observados os limites legais.",IRPJ,Dedução na apuração do IRPJ.,"36000,00"
2023_RenúnciasFiscais.csv,102011,2023,33051491000159,LABORATORIOS PIERRE FABRE DO BRASIL LTDA,,20631,"Fabricação de cosméticos, produtos de perfumaria e de higiene pessoal",AREAL,RJ,Declarado pelo Contribuinte para Apuração do IRPJ e da CSLL,Programa de Alimentação do Trabalhador,"Lei nº 6.321, de 1976, art. 1º; Lei nº 9.532, de 1997, arts. 5º e 6º, inciso I.","Dedução de até 4% (quatro por cento) do imposto devido, antes do adicional.",IRPJ,Dedução na apuração do IRPJ.,"521656,09"
2023_RenúnciasFiscais.csv,102018,2023,33051491000159,LABORATORIOS PIERRE FABRE DO BRASIL LTDA,,20631,"Fabricação de cosméticos, produtos de perfumaria e de higiene pessoal",AREAL,RJ,Declarado pelo Contribuinte para Apuração do IRPJ e da CSLL,Empresa Cidadã,"Lei nº 11.770, de 2008.","Dedução, do imposto devido, do total da remuneração integral paga à empregados, durante os 60 (sessenta) dias de prorrogação da licença maternidade ou 15 (quinze) dias de prorrogação da licença paternidade.",IRPJ,Dedução no cálculo do IRPJ e da CSLL.,"108681,02"
2023_RenúnciasFiscais.csv,102352,2023,80986581000111,ERZINGER INDUSTRIA MECANICA LTDA,,28291,Fabricação de máquinas e equipamentos de uso geral não especificados anteriormente,JOINVILLE,SC,Declarado pelo Contribuinte para Apuração do IRPJ e da CSLL,Fundos de Direitos da Criança e do Adolescente,"Lei nº 8.069, de 1990, art. 260; Lei nº 12.594, de 2012, art. 87.","Dedução, do imposto de renda devido em cada período de apuração, das doações efetuadas aos Fundos dos Direitos da Criança e do Adolescente nacional, estaduais ou municipais, devidamente comprovados, observados os limites legais.",IRPJ,Dedução na apuração do IRPJ.,"13652,82"
2023_RenúnciasFiscais.csv,102353,2023,80986581000111,ERZINGER INDUSTRIA MECANICA LTDA,,28291,Fabricação de máquinas e equipamentos de uso geral não especificados anteriormente,JOINVILLE,SC,Declarado pelo Contribuinte para Apuração do IRPJ e da CSLL,Fundos do Idoso,"Lei nº 12.213, de 2010; Lei nº 12.594, de 2012, art. 88.","Dedução, do IRPJ devido em cada período de apuração, do total das doações feitas ao Fundo Nacional do Idoso, devidamente comprovadas, vedada a dedução como despesa operacional.",IRPJ,Dedução na apuração do IRPJ.,"13652,82"
2023_RenúnciasFiscais.csv,103395,2023,62158480000170,DANFOSS DO BRASIL INDUSTRIA E COMERCIO LTDA,,28232,Fabricação de máquinas e aparelhos de refrigeração e ventilação para uso industrial e comercial,OSASCO,SP,Declarado pelo Contribuinte para Apuração do IRPJ e da CSLL,Programa de Alimentação do Trabalhador,"Lei nº 6.321, de 1976, art. 1º; Lei nº 9.532, de 1997, arts. 5º e 6º, inciso I.","Dedução de até 4% (quatro por cento) do imposto devido, antes do adicional.",IRPJ,Dedução na apuração do IRPJ.,"210035,70"
2023_RenúnciasFiscais.csv,106520,2023,05040481000182,BANCO DE LAGE LANDEN BRASIL S.A.,BANCO DLL BRASIL S/A,64310,"Bancos múltiplos, sem carteira comercial",PORTO ALEGRE,RS,Declarado pelo Contribuinte para Apuração do IRPJ e da CSLL,Pronac - Programa Nacional de Apoio à Cultura - Dedução do Imposto de Renda,"Lei nº 8.313, de 1991, art. 26, § 1º; Lei nº 9.249, de 1995, art. 13, § 2º, inciso I; Decreto nº 5.761, de 2006, arts. 28 e 30; Lei nº 8.313, de 1991, art. 18, caput e §§ 1º e 3º; Medida Provisória nº 2.228-1, de 2001, art. 39.","Dedução do imposto devido das quantias efetivamente realizadas no período de apuração a título de doações ou patrocínio, tanto mediante contribuições ao Fundo Nacional de Cultura (FNC) na forma de doações.",IRPJ,Dedução na apuração do IRPJ.,"320000,00"
2023_RenúnciasFiscais.csv,106524,2023,05040481000182,BANCO DE LAGE LANDEN BRASIL S.A.,BANCO DLL BRASIL S/A,64310,"Bancos múltiplos, sem carteira comercial",PORTO ALEGRE,RS,Declarado pelo Contribuinte para Apuração do IRPJ e da CSLL,Incentivo ao Desporto,"Lei nº 11.438, de 2006; Lei nº 13.155, de 2015, art. 43.","Dedução, do imposto devido pela pessoa jurídica tributada com base no lucro real, dos valores despendidos a título de patrocínio ou doação, no apoio direto a projetos desportivos e paradesportivos previamente aprovados pelo Ministério do Esporte.",IRPJ,Dedução na apuração do IRPJ.,"160000,00"
2023_RenúnciasFiscais.csv,106526,2023,05040481000182,BANCO DE LAGE LANDEN BRASIL S.A.,BANCO DLL BRASIL S/A,64310,"Bancos múltiplos, sem carteira comercial",PORTO ALEGRE,RS,Declarado pelo Contribuinte para Apuração do IRPJ e da CSLL,Fundos do Idoso,"Lei nº 12.213, de 2010; Lei nº 12.594, de 2012, art. 88.","Dedução, do IRPJ devido em cada período de apuração, do total das doações feitas ao Fundo Nacional do Idoso, devidamente comprovadas, vedada a dedução como despesa operacional.",IRPJ,Dedução na apuração do IRPJ.,"80000,00"
2023_RenúnciasFiscais.csv,106527,2023,05040481000182,BANCO DE LAGE LANDEN BRASIL S.A.,BANCO DLL BRASIL S/A,64310,"Bancos múltiplos, sem carteira comercial",PORTO ALEGRE,RS,Declarado pelo Contribuinte para Apuração do IRPJ e da CSLL,Empresa Cidadã,"Lei nº 11.770, de 2008.","Dedução, do imposto devido, do total da remuneração integral paga à empregados, durante os 60 (sessenta) dias de prorrogação da licença maternidade ou 15 (quinze) dias de prorrogação da licença paternidade.",IRPJ,Dedução no cálculo do IRPJ e da CSLL.,"113473,09"
2023_RenúnciasFiscais.csv,106528,2023,05040481000182,BANCO DE LAGE LANDEN BRASIL S.A.,BANCO DLL BRASIL S/A,64310,"Bancos múltiplos, sem carteira comercial",PORTO ALEGRE,RS,Declarado pelo Contribuinte para Apuração do IRPJ e da CSLL,Fundos de Direitos da Criança e do Adolescente,"Lei nº 8.069, de 1990, art. 260; Lei nº 12.594, de 2012, art. 87.","Dedução, do imposto de renda devido em cada período de apuração, das doações efetuadas aos Fundos dos Direitos da Criança e do Adolescente nacional, estaduais ou municipais, devidamente comprovados, observados os limites legais.",IRPJ,Dedução na apuração do IRPJ.,"80000,00"
2023_RenúnciasFiscais.csv,108388,2023,12023465000147,SOLUTIS TECNOLOGIAS LTDA,SOLUTIS TECNOLOGIAS LTDA,62040,Consultoria em tecnologia da informação,SALVADOR,BA,Declarado pelo Contribuinte para Apuração do IRPJ e da CSLL,Programa de Alimentação do Trabalhador,"Lei nº 6.321, de 1976, art. 1º; Lei nº 9.532, de 1997, arts. 5º e 6º, inciso I.","Dedução de até 4% (quatro por cento) do imposto devido, antes do adicional.",IRPJ,Dedução na apuração do IRPJ.,"38327,20"
