cnae,descricao_origem,secao,atividade,setor,regra,descricao_ibge
00000,Sem informação,Sem informação,Não identificado,Não identificado,sem_cnae,Não localizado no catálogo consultado
01113,Cultivo de cereais,Agropecuária e extração vegetal,Agricultura,Agropecuária,cnae_3:011,CULTIVO DE CEREAIS
01121,Cultivo de algodão herbáceo e de outras fibras de lavoura temporária,Agropecuária e extração vegetal,Agricultura,Agropecuária,cnae_3:011,CULTIVO DE ALGODÃO HERBÁCEO E DE OUTRAS FIBRAS DE LAVOURA TEMPORÁRIA
01130,Cultivo de cana-de-açúcar,Agropecuária e extração vegetal,Agricultura,Agropecuária,cnae_3:011,CULTIVO DE CANA-DE-AÇÚCAR
01148,Cultivo de fumo,Agropecuária e extração vegetal,Agricultura,Agropecuária,cnae_3:011,CULTIVO DE FUMO
01156,Cultivo de soja,Agropecuária e extração vegetal,Agricultura,Agropecuária,cnae_3:011,CULTIVO DE SOJA
01164,"Cultivo de oleaginosas de lavoura temporária, exceto soja",Agropecuária e extração vegetal,Agricultura,Agropecuária,cnae_3:011,"CULTIVO DE OLEAGINOSAS DE LAVOURA TEMPORÁRIA, EXCETO SOJA"
01199,Cultivo de plantas de lavoura temporária não especificadas anteriormente,Agropecuária e extração vegetal,Agricultura,Agropecuária,cnae_3:011,CULTIVO DE PLANTAS DE LAVOURA TEMPORÁRIA NÃO ESPECIFICADAS ANTERIORMENTE
01211,Horticultura,Agropecuária e extração vegetal,Agricultura,Agropecuária,cnae_3:012,HORTICULTURA
01229,Cultivo de flores e plantas ornamentais,Agropecuária e extração vegetal,Agricultura,Agropecuária,cnae_3:012,CULTIVO DE FLORES E PLANTAS ORNAMENTAIS
01318,Cultivo de laranja,Agropecuária e extração vegetal,Agricultura,Agropecuária,cnae_3:013,CULTIVO DE LARANJA
01326,Cultivo de uva,Agropecuária e extração vegetal,Agricultura,Agropecuária,cnae_3:013,CULTIVO DE UVA
01334,"Cultivo de frutas de lavoura permanente, exceto laranja e uva",Agropecuária e extração vegetal,Agricultura,Agropecuária,cnae_3:013,"CULTIVO DE FRUTAS DE LAVOURA PERMANENTE, EXCETO LARANJA E UVA"
01342,Cultivo de café,Agropecuária e extração vegetal,Agricultura,Agropecuária,cnae_3:013,CULTIVO DE CAFÉ
01393,Cultivo de plantas de lavoura permanente não especificadas anteriormente,Agropecuária e extração vegetal,Agricultura,Agropecuária,cnae_3:013,CULTIVO DE PLANTAS DE LAVOURA PERMANENTE NÃO ESPECIFICADAS ANTERIORMENTE
01415,Produção de sementes certificadas,Agropecuária e extração vegetal,Sementes e mudas,Agropecuária,cnae_3:014,PRODUÇÃO DE SEMENTES CERTIFICADAS
01423,"Produção de mudas e outras formas de propagação vegetal, certificadas",Agropecuária e extração vegetal,Sementes e mudas,Agropecuária,cnae_3:014,"PRODUÇÃO DE MUDAS E OUTRAS FORMAS DE PROPAGAÇÃO VEGETAL, CERTIFICADAS"
01512,Criação de bovinos,Agropecuária e extração vegetal,Pecuária,Agropecuária,cnae_3:015,CRIAÇÃO DE BOVINOS
01521,Criação de outros animais de grande porte,Agropecuária e extração vegetal,Pecuária,Agropecuária,cnae_3:015,CRIAÇÃO DE OUTROS ANIMAIS DE GRANDE PORTE
01539,Criação de caprinos e ovinos,Agropecuária e extração vegetal,Pecuária,Agropecuária,cnae_3:015,CRIAÇÃO DE CAPRINOS E OVINOS
01547,Criação de suínos,Agropecuária e extração vegetal,Pecuária,Agropecuária,cnae_3:015,CRIAÇÃO DE SUÍNOS
01555,Criação de aves,Agropecuária e extração vegetal,Pecuária,Agropecuária,cnae_3:015,CRIAÇÃO DE AVES
01598,Criação de animais não especificados anteriormente,Agropecuária e extração vegetal,Pecuária,Agropecuária,cnae_3:015,CRIAÇÃO DE ANIMAIS NÃO ESPECIFICADOS ANTERIORMENTE
01610,Atividades de apoio à agricultura,Agropecuária e extração vegetal,Serviços agropecuários,Agropecuária,cnae_3:016,ATIVIDADES DE APOIO À AGRICULTURA
01628,Atividades de apoio à pecuária,Agropecuária e extração vegetal,Serviços agropecuários,Agropecuária,cnae_3:016,ATIVIDADES DE APOIO À PECUÁRIA
01636,Atividades de pós-colheita,Agropecuária e extração vegetal,Serviços agropecuários,Agropecuária,cnae_3:016,ATIVIDADES DE PÓS-COLHEITA
02101,Produção florestal - florestas plantadas,Agropecuária e extração vegetal,Silvicultura,"Madeira, Papel e Celulose",cnae_2:02,PRODUÇÃO FLORESTAL - FLORESTAS PLANTADAS
02209,Produção florestal - florestas nativas,Agropecuária e extração vegetal,Silvicultura,"Madeira, Papel e Celulose",cnae_2:02,PRODUÇÃO FLORESTAL - FLORESTAS NATIVAS
02306,Atividades de apoio à produção florestal,Agropecuária e extração vegetal,Silvicultura,"Madeira, Papel e Celulose",cnae_2:02,ATIVIDADES DE APOIO À PRODUÇÃO FLORESTAL
03116,Pesca em água salgada,Agropecuária e extração vegetal,Pesca e aquicultura,Agropecuária,cnae_2:03,PESCA EM ÁGUA SALGADA
03213,Aqüicultura em água salgada e salobra,Agropecuária e extração vegetal,Pesca e aquicultura,Agropecuária,cnae_2:03,AQUICULTURA EM ÁGUA SALGADA E SALOBRA
03221,Aqüicultura em água doce,Agropecuária e extração vegetal,Pesca e aquicultura,Agropecuária,cnae_2:03,AQUICULTURA EM ÁGUA DOCE
05003,Extração de carvão mineral,Indústrias extrativas,Carvão mineral,Mineração e Metalurgia,cnae_2:05,EXTRAÇÃO DE CARVÃO MINERAL
06000,Extração de petróleo e gás natural,Indústrias extrativas,Petróleo e gás,"Petróleo, Gás e Combustíveis",cnae_2:06,EXTRAÇÃO DE PETRÓLEO E GÁS NATURAL
07103,Extração de minério de ferro,Indústrias extrativas,Mineração de ferro,Mineração e Metalurgia,cnae_3:071,EXTRAÇÃO DE MINÉRIO DE FERRO
07219,Extração de minério de alumínio,Indústrias extrativas,Mineração de outros metais,Mineração e Metalurgia,cnae_3:072,EXTRAÇÃO DE MINÉRIO DE ALUMÍNIO
07235,Extração de minério de manganês,Indústrias extrativas,Mineração de outros metais,Mineração e Metalurgia,cnae_3:072,EXTRAÇÃO DE MINÉRIO DE MANGANÊS
07243,Extração de minério de metais preciosos,Indústrias extrativas,Mineração de outros metais,Mineração e Metalurgia,cnae_3:072,EXTRAÇÃO DE MINÉRIO DE METAIS PRECIOSOS
07294,Extração de minerais metálicos não-ferrosos não especificados anteriormente,Indústrias extrativas,Mineração de outros metais,Mineração e Metalurgia,cnae_3:072,EXTRAÇÃO DE MINERAIS METÁLICOS NÃO FERROSOS NÃO ESPECIFICADOS ANTERIORMENTE
08100,"Extração de pedra, areia e argila",Indústrias extrativas,"Mineração de pedra, areia e argila",Mineração e Metalurgia,cnae_3:081,"EXTRAÇÃO DE PEDRA, AREIA E ARGILA"
08916,"Extração de minerais para fabricação de adubos, fertilizantes e outros produtos químicos",Indústrias extrativas,Mineração não metálica,Mineração e Metalurgia,cnae_2:08,"EXTRAÇÃO DE MINERAIS PARA FABRICAÇÃO DE ADUBOS, FERTILIZANTES E OUTROS PRODUTOS QUÍMICOS"
08924,Extração e refino de sal marinho e sal-gema,Indústrias extrativas,Mineração não metálica,Mineração e Metalurgia,cnae_2:08,EXTRAÇÃO E REFINO DE SAL MARINHO E SAL-GEMA
08932,Extração de gemas (pedras preciosas e semipreciosas),Indústrias extrativas,Mineração não metálica,Mineração e Metalurgia,cnae_2:08,EXTRAÇÃO DE GEMAS (PEDRAS PRECIOSAS E SEMIPRECIOSAS)
08991,Extração de minerais não-metálicos não especificados anteriormente,Indústrias extrativas,Mineração não metálica,Mineração e Metalurgia,cnae_2:08,EXTRAÇÃO DE MINERAIS NÃO METÁLICOS NÃO ESPECIFICADOS ANTERIORMENTE
09106,Atividades de apoio à extração de petróleo e gás natural,Indústrias extrativas,Petróleo e gás,"Petróleo, Gás e Combustíveis",cnae_3:091,ATIVIDADES DE APOIO À EXTRAÇÃO DE PETRÓLEO E GÁS NATURAL
09904,"Atividades de apoio à extração de minerais, exceto petróleo e gás natural",Indústrias extrativas,Serviços de mineração,Mineração e Metalurgia,cnae_3:099,"ATIVIDADES DE APOIO À EXTRAÇÃO DE MINERAIS, EXCETO PETRÓLEO E GÁS NATURAL"
10112,"Abate de reses, exceto suínos",Indústria de transformação,Carnes e frigoríficos,Alimentos e Bebidas,cnae_3:101,"ABATE DE RESES, EXCETO SUÍNOS"
10121,"Abate de suínos, aves e outros pequenos animais",Indústria de transformação,Carnes e frigoríficos,Alimentos e Bebidas,cnae_3:101,"ABATE DE SUÍNOS, AVES E OUTROS PEQUENOS ANIMAIS"
10139,Fabricação de produtos de carne,Indústria de transformação,Carnes e frigoríficos,Alimentos e Bebidas,cnae_3:101,FABRICAÇÃO DE PRODUTOS DE CARNE
10201,Preservação do pescado e fabricação de produtos do pescado,Indústria de transformação,Pescados,Alimentos e Bebidas,cnae_3:102,PRESERVAÇÃO DO PESCADO E FABRICAÇÃO DE PRODUTOS DO PESCADO
10317,Fabricação de conservas de frutas,Indústria de transformação,Frutas e vegetais processados,Alimentos e Bebidas,cnae_3:103,FABRICAÇÃO DE CONSERVAS DE FRUTAS
10325,Fabricação de conservas de legumes e outros vegetais,Indústria de transformação,Frutas e vegetais processados,Alimentos e Bebidas,cnae_3:103,FABRICAÇÃO DE CONSERVAS DE LEGUMES E OUTROS VEGETAIS
10333,"Fabricação de sucos de frutas, hortaliças e legumes",Indústria de transformação,Frutas e vegetais processados,Alimentos e Bebidas,cnae_3:103,"FABRICAÇÃO DE SUCOS DE FRUTAS, HORTALIÇAS E LEGUMES"
10414,"Fabricação de óleos vegetais em bruto, exceto óleo de milho",Indústria de transformação,Óleos e gorduras vegetais,Alimentos e Bebidas,cnae_3:104,"FABRICAÇÃO DE ÓLEOS VEGETAIS EM BRUTO, EXCETO ÓLEO DE MILHO"
10422,"Fabricação de óleos vegetais refinados, exceto óleo de milho",Indústria de transformação,Óleos e gorduras vegetais,Alimentos e Bebidas,cnae_3:104,"FABRICAÇÃO DE ÓLEOS VEGETAIS REFINADOS, EXCETO ÓLEO DE MILHO"
10431,Fabricação de margarina e outras gorduras vegetais e de óleos não-comestíveis de animais,Indústria de transformação,Óleos e gorduras vegetais,Alimentos e Bebidas,cnae_3:104,FABRICAÇÃO DE MARGARINA E OUTRAS GORDURAS VEGETAIS E DE ÓLEOS NÃO COMESTÍVEIS DE ANIMAIS
10511,Preparação do leite,Indústria de transformação,Laticínios,Alimentos e Bebidas,cnae_3:105,PREPARAÇÃO DO LEITE
10520,Fabricação de laticínios,Indústria de transformação,Laticínios,Alimentos e Bebidas,cnae_3:105,FABRICAÇÃO DE LATICÍNIOS
10538,Fabricação de sorvetes e outros gelados comestíveis,Indústria de transformação,Laticínios,Alimentos e Bebidas,cnae_3:105,FABRICAÇÃO DE SORVETES E OUTROS GELADOS COMESTÍVEIS
10619,Beneficiamento de arroz e fabricação de produtos do arroz,Indústria de transformação,Moagem e alimentos farináceos,Alimentos e Bebidas,cnae_3:106,BENEFICIAMENTO DE ARROZ E FABRICAÇÃO DE PRODUTOS DO ARROZ
10627,Moagem de trigo e fabricação de derivados,Indústria de transformação,Moagem e alimentos farináceos,Alimentos e Bebidas,cnae_3:106,MOAGEM DE TRIGO E FABRICAÇÃO DE DERIVADOS
10635,Fabricação de farinha de mandioca e derivados,Indústria de transformação,Moagem e alimentos farináceos,Alimentos e Bebidas,cnae_3:106,FABRICAÇÃO DE FARINHA DE MANDIOCA E DERIVADOS
10643,"Fabricação de farinha de milho e derivados, exceto óleos de milho",Indústria de transformação,Moagem e alimentos farináceos,Alimentos e Bebidas,cnae_3:106,"FABRICAÇÃO DE FARINHA DE MILHO E DERIVADOS, EXCETO ÓLEOS DE MILHO"
10651,Fabricação de amidos e féculas de vegetais e de óleos de milho,Indústria de transformação,Moagem e alimentos farináceos,Alimentos e Bebidas,cnae_3:106,FABRICAÇÃO DE AMIDOS E FÉCULAS DE VEGETAIS E DE ÓLEOS DE MILHO
10660,Fabricação de alimentos para animais,Indústria de transformação,Moagem e alimentos farináceos,Alimentos e Bebidas,cnae_3:106,FABRICAÇÃO DE ALIMENTOS PARA ANIMAIS
10694,Moagem e fabricação de produtos de origem vegetal não especificados anteriormente,Indústria de transformação,Moagem e alimentos farináceos,Alimentos e Bebidas,cnae_3:106,MOAGEM E FABRICAÇÃO DE PRODUTOS DE ORIGEM VEGETAL NÃO ESPECIFICADOS ANTERIORMENTE
10716,Fabricação de açúcar em bruto,Indústria de transformação,Açúcar,Alimentos e Bebidas,cnae_3:107,FABRICAÇÃO DE AÇÚCAR EM BRUTO
10724,Fabricação de açúcar refinado,Indústria de transformação,Açúcar,Alimentos e Bebidas,cnae_3:107,FABRICAÇÃO DE AÇÚCAR REFINADO
10813,Torrefação e moagem de café,Indústria de transformação,Café,Alimentos e Bebidas,cnae_3:108,TORREFAÇÃO E MOAGEM DE CAFÉ
10821,Fabricação de produtos à base de café,Indústria de transformação,Café,Alimentos e Bebidas,cnae_3:108,FABRICAÇÃO DE PRODUTOS À BASE DE CAFÉ
10911,Fabricação de produtos de panificação,Indústria de transformação,Outros alimentos,Alimentos e Bebidas,cnae_3:109,FABRICAÇÃO DE PRODUTOS DE PANIFICAÇÃO
10929,Fabricação de biscoitos e bolachas,Indústria de transformação,Outros alimentos,Alimentos e Bebidas,cnae_3:109,FABRICAÇÃO DE BISCOITOS E BOLACHAS
10937,"Fabricação de produtos derivados do cacau, de chocolates e confeitos",Indústria de transformação,Outros alimentos,Alimentos e Bebidas,cnae_3:109,"FABRICAÇÃO DE PRODUTOS DERIVADOS DO CACAU, DE CHOCOLATES E CONFEITOS"
10945,Fabricação de massas alimentícias,Indústria de transformação,Outros alimentos,Alimentos e Bebidas,cnae_3:109,FABRICAÇÃO DE MASSAS ALIMENTÍCIAS
10953,"Fabricação de especiarias, molhos, temperos e condimentos",Indústria de transformação,Outros alimentos,Alimentos e Bebidas,cnae_3:109,"FABRICAÇÃO DE ESPECIARIAS, MOLHOS, TEMPEROS E CONDIMENTOS"
10961,Fabricação de alimentos e pratos prontos,Indústria de transformação,Outros alimentos,Alimentos e Bebidas,cnae_3:109,FABRICAÇÃO DE ALIMENTOS E PRATOS PRONTOS
10996,Fabricação de produtos alimentícios não especificados anteriormente,Indústria de transformação,Outros alimentos,Alimentos e Bebidas,cnae_3:109,FABRICAÇÃO DE PRODUTOS ALIMENTÍCIOS NÃO ESPECIFICADOS ANTERIORMENTE
11119,Fabricação de aguardentes e outras bebidas destiladas,Indústria de transformação,Bebidas alcoólicas,Alimentos e Bebidas,cnae_3:111,FABRICAÇÃO DE AGUARDENTES E OUTRAS BEBIDAS DESTILADAS
11127,Fabricação de vinho,Indústria de transformação,Bebidas alcoólicas,Alimentos e Bebidas,cnae_3:111,FABRICAÇÃO DE VINHO
11135,"Fabricação de malte, cervejas e chopes",Indústria de transformação,Bebidas alcoólicas,Alimentos e Bebidas,cnae_3:111,"FABRICAÇÃO DE MALTE, CERVEJAS E CHOPES"
11216,Fabricação de águas envasadas,Indústria de transformação,Bebidas não alcoólicas,Alimentos e Bebidas,cnae_3:112,FABRICAÇÃO DE ÁGUAS ENVASADAS
11224,Fabricação de refrigerantes e de outras bebidas não-alcoólicas,Indústria de transformação,Bebidas não alcoólicas,Alimentos e Bebidas,cnae_3:112,FABRICAÇÃO DE REFRIGERANTES E DE OUTRAS BEBIDAS NÃO ALCOÓLICAS
12107,Processamento industrial do fumo,Indústria de transformação,Tabaco,Tabaco,cnae_2:12,PROCESSAMENTO INDUSTRIAL DO FUMO
12204,Fabricação de produtos do fumo,Indústria de transformação,Tabaco,Tabaco,cnae_2:12,FABRICAÇÃO DE PRODUTOS DO FUMO
13111,Preparação e fiação de fibras de algodão,Indústria de transformação,Têxtil,"Têxtil, Vestuário e Calçados",cnae_2:13,PREPARAÇÃO E FIAÇÃO DE FIBRAS DE ALGODÃO
13120,"Preparação e fiação de fibras têxteis naturais, exceto algodão",Indústria de transformação,Têxtil,"Têxtil, Vestuário e Calçados",cnae_2:13,"PREPARAÇÃO E FIAÇÃO DE FIBRAS TÊXTEIS NATURAIS, EXCETO ALGODÃO"
13138,Fiação de fibras artificiais e sintéticas,Indústria de transformação,Têxtil,"Têxtil, Vestuário e Calçados",cnae_2:13,FIAÇÃO DE FIBRAS ARTIFICIAIS E SINTÉTICAS
13146,Fabricação de linhas para costurar e bordar,Indústria de transformação,Têxtil,"Têxtil, Vestuário e Calçados",cnae_2:13,FABRICAÇÃO DE LINHAS PARA COSTURAR E BORDAR
13219,Tecelagem de fios de algodão,Indústria de transformação,Têxtil,"Têxtil, Vestuário e Calçados",cnae_2:13,TECELAGEM DE FIOS DE ALGODÃO
13227,"Tecelagem de fios de fibras têxteis naturais, exceto algodão",Indústria de transformação,Têxtil,"Têxtil, Vestuário e Calçados",cnae_2:13,"TECELAGEM DE FIOS DE FIBRAS TÊXTEIS NATURAIS, EXCETO ALGODÃO"
13235,Tecelagem de fios de fibras artificiais e sintéticas,Indústria de transformação,Têxtil,"Têxtil, Vestuário e Calçados",cnae_2:13,TECELAGEM DE FIOS DE FIBRAS ARTIFICIAIS E SINTÉTICAS
13308,Fabricação de tecidos de malha,Indústria de transformação,Têxtil,"Têxtil, Vestuário e Calçados",cnae_2:13,FABRICAÇÃO DE TECIDOS DE MALHA
13405,"Acabamentos em fios, tecidos e artefatos têxteis",Indústria de transformação,Têxtil,"Têxtil, Vestuário e Calçados",cnae_2:13,"ACABAMENTOS EM FIOS, TECIDOS E ARTEFATOS TÊXTEIS"
13511,Fabricação de artefatos têxteis para uso doméstico,Indústria de transformação,Têxtil,"Têxtil, Vestuário e Calçados",cnae_2:13,FABRICAÇÃO DE ARTEFATOS TÊXTEIS PARA USO DOMÉSTICO
13529,Fabricação de artefatos de tapeçaria,Indústria de transformação,Têxtil,"Têxtil, Vestuário e Calçados",cnae_2:13,FABRICAÇÃO DE ARTEFATOS DE TAPEÇARIA
13537,Fabricação de artefatos de cordoaria,Indústria de transformação,Têxtil,"Têxtil, Vestuário e Calçados",cnae_2:13,FABRICAÇÃO DE ARTEFATOS DE CORDOARIA
13545,"Fabricação de tecidos especiais, inclusive artefatos",Indústria de transformação,Têxtil,"Têxtil, Vestuário e Calçados",cnae_2:13,"FABRICAÇÃO DE TECIDOS ESPECIAIS, INCLUSIVE ARTEFATOS"
13596,Fabricação de outros produtos têxteis não especificados anteriormente,Indústria de transformação,Têxtil,"Têxtil, Vestuário e Calçados",cnae_2:13,FABRICAÇÃO DE OUTROS PRODUTOS TÊXTEIS NÃO ESPECIFICADOS ANTERIORMENTE
14118,Confecção de roupas íntimas,Indústria de transformação,Vestuário,"Têxtil, Vestuário e Calçados",cnae_2:14,CONFECÇÃO DE ROUPAS ÍNTIMAS
14126,"Confecção de peças do vestuário, exceto roupas íntimas",Indústria de transformação,Vestuário,"Têxtil, Vestuário e Calçados",cnae_2:14,"CONFECÇÃO DE PEÇAS DE VESTUÁRIO, EXCETO ROUPAS ÍNTIMAS"
14134,Confecção de roupas profissionais,Indústria de transformação,Vestuário,"Têxtil, Vestuário e Calçados",cnae_2:14,CONFECÇÃO DE ROUPAS PROFISSIONAIS
14142,"Fabricação de acessórios do vestuário, exceto para segurança e proteção",Indústria de transformação,Vestuário,"Têxtil, Vestuário e Calçados",cnae_2:14,"FABRICAÇÃO DE ACESSÓRIOS DO VESTUÁRIO, EXCETO PARA SEGURANÇA E PROTEÇÃO"
14215,Fabricação de meias,Indústria de transformação,Vestuário,"Têxtil, Vestuário e Calçados",cnae_2:14,FABRICAÇÃO DE MEIAS
14223,"Fabricação de artigos do vestuário, produzidos em malharias e tricotagens, exceto meias",Indústria de transformação,Vestuário,"Têxtil, Vestuário e Calçados",cnae_2:14,"FABRICAÇÃO DE ARTIGOS DO VESTUÁRIO, PRODUZIDOS EM MALHARIAS E TRICOTAGENS, EXCETO MEIAS"
15106,Curtimento e outras preparações de couro,Indústria de transformação,Calçados e artigos de couro,"Têxtil, Vestuário e Calçados",cnae_2:15,CURTIMENTO E OUTRAS PREPARAÇÕES DE COURO
15211,"Fabricação de artigos para viagem, bolsas e semelhantes de qualquer material",Indústria de transformação,Calçados e artigos de couro,"Têxtil, Vestuário e Calçados",cnae_2:15,"FABRICAÇÃO DE ARTIGOS PARA VIAGEM, BOLSAS E SEMELHANTES DE QUALQUER MATERIAL"
15297,Fabricação de artefatos de couro não especificados anteriormente,Indústria de transformação,Calçados e artigos de couro,"Têxtil, Vestuário e Calçados",cnae_2:15,FABRICAÇÃO DE ARTEFATOS DE COURO NÃO ESPECIFICADOS ANTERIORMENTE
15319,Fabricação de calçados de couro,Indústria de transformação,Calçados e artigos de couro,"Têxtil, Vestuário e Calçados",cnae_2:15,FABRICAÇÃO DE CALÇADOS DE COURO
15327,Fabricação de tênis de qualquer material,Indústria de transformação,Calçados e artigos de couro,"Têxtil, Vestuário e Calçados",cnae_2:15,FABRICAÇÃO DE TÊNIS DE QUALQUER MATERIAL
15335,Fabricação de calçados de material sintético,Indústria de transformação,Calçados e artigos de couro,"Têxtil, Vestuário e Calçados",cnae_2:15,FABRICAÇÃO DE CALÇADOS DE MATERIAL SINTÉTICO
15394,Fabricação de calçados de materiais não especificados anteriormente,Indústria de transformação,Calçados e artigos de couro,"Têxtil, Vestuário e Calçados",cnae_2:15,FABRICAÇÃO DE CALÇADOS DE MATERIAIS NÃO ESPECIFICADOS ANTERIORMENTE
15408,"Fabricação de partes para calçados, de qualquer material",Indústria de transformação,Calçados e artigos de couro,"Têxtil, Vestuário e Calçados",cnae_2:15,"FABRICAÇÃO DE PARTES PARA CALÇADOS, DE QUALQUER MATERIAL"
16218,"Fabricação de madeira laminada e de chapas de madeira compensada, prensada e aglomerada",Indústria de transformação,Madeira,"Madeira, Papel e Celulose",cnae_2:16,"FABRICAÇÃO DE MADEIRA LAMINADA E DE CHAPAS DE MADEIRA COMPENSADA, PRENSADA E AGLOMERADA"
16226,Fabricação de estruturas de madeira e de artigos de carpintaria para construção,Indústria de transformação,Madeira,"Madeira, Papel e Celulose",cnae_2:16,FABRICAÇÃO DE ESTRUTURAS DE MADEIRA E DE ARTIGOS DE CARPINTARIA PARA CONSTRUÇÃO
16234,Fabricação de artefatos de tanoaria e de embalagens de madeira,Indústria de transformação,Madeira,"Madeira, Papel e Celulose",cnae_2:16,FABRICAÇÃO DE ARTEFATOS DE TANOARIA E DE EMBALAGENS DE MADEIRA
16293,"Fabricação de artefatos de madeira, palha, cortiça, vime e material trançado não especificados anteriormente, exceto móveis",Indústria de transformação,Madeira,"Madeira, Papel e Celulose",cnae_2:16,"FABRICAÇÃO DE ARTEFATOS DE MADEIRA, PALHA, CORTIÇA, VIME E MATERIAL TRANÇADO NÃO ESPECIFICADOS ANTERIORMENTE, EXCETO MÓVEIS"
17109,Fabricação de celulose e outras pastas para a fabricação de papel,Indústria de transformação,Papel e celulose,"Madeira, Papel e Celulose",cnae_2:17,FABRICAÇÃO DE CELULOSE E OUTRAS PASTAS PARA A FABRICAÇÃO DE PAPEL
17214,Fabricação de papel,Indústria de transformação,Papel e celulose,"Madeira, Papel e Celulose",cnae_2:17,FABRICAÇÃO DE PAPEL
17222,Fabricação de cartolina e papel-cartão,Indústria de transformação,Papel e celulose,"Madeira, Papel e Celulose",cnae_2:17,FABRICAÇÃO DE CARTOLINA E PAPEL-CARTÃO
17311,Fabricação de embalagens de papel,Indústria de transformação,Papel e celulose,"Madeira, Papel e Celulose",cnae_2:17,FABRICAÇÃO DE EMBALAGENS DE PAPEL
17320,Fabricação de embalagens de cartolina e papel-cartão,Indústria de transformação,Papel e celulose,"Madeira, Papel e Celulose",cnae_2:17,FABRICAÇÃO DE EMBALAGENS DE CARTOLINA E PAPEL-CARTÃO
17338,Fabricação de chapas e de embalagens de papelão ondulado,Indústria de transformação,Papel e celulose,"Madeira, Papel e Celulose",cnae_2:17,FABRICAÇÃO DE CHAPAS E DE EMBALAGENS DE PAPELÃO ONDULADO
17419,"Fabricação de produtos de papel, cartolina, papel-cartão e papelão ondulado para uso comercial e de escritório",Indústria de transformação,Papel e celulose,"Madeira, Papel e Celulose",cnae_2:17,"FABRICAÇÃO DE PRODUTOS DE PAPEL, CARTOLINA, PAPEL CARTÃO E PAPELÃO ONDULADO PARA USO COMERCIAL E DE ESCRITÓRIO"
17427,Fabricação de produtos de papel para usos doméstico e higiênico-sanitário,Indústria de transformação,Papel e celulose,"Madeira, Papel e Celulose",cnae_2:17,FABRICAÇÃO DE PRODUTOS DE PAPEL PARA USOS DOMÉSTICO E HIGIÊNICO-SANITÁRIO
17494,"Fabricação de produtos de pastas celulósicas, papel, cartolina, papel-cartão e papelão ondulado não especificados anteriormente",Indústria de transformação,Papel e celulose,"Madeira, Papel e Celulose",cnae_2:17,"FABRICAÇÃO DE PRODUTOS DE PASTAS CELULÓSICAS, PAPEL, CARTOLINA, PAPEL-CARTÃO E PAPELÃO ONDULADO NÃO ESPECIFICADOS ANTERIORMENTE"
18113,"Impressão de jornais, livros, revistas e outras publicações periódicas",Indústria de transformação,Impressão e reprodução,"Mídia, Cultura e Entretenimento",cnae_2:18,"IMPRESSÃO DE JORNAIS, LIVROS, REVISTAS E OUTRAS PUBLICAÇÕES PERIÓDICAS"
18121,Impressão de material de segurança,Indústria de transformação,Impressão e reprodução,"Mídia, Cultura e Entretenimento",cnae_2:18,IMPRESSÃO DE MATERIAL DE SEGURANÇA
18130,Impressão de materiais para outros usos,Indústria de transformação,Impressão e reprodução,"Mídia, Cultura e Entretenimento",cnae_2:18,IMPRESSÃO DE MATERIAIS PARA OUTROS USOS
18211,Serviços de pré-impressão,Indústria de transformação,Impressão e reprodução,"Mídia, Cultura e Entretenimento",cnae_2:18,SERVIÇOS DE PRÉ-IMPRESSÃO
18229,Serviços de acabamentos gráficos,Indústria de transformação,Impressão e reprodução,"Mídia, Cultura e Entretenimento",cnae_2:18,SERVIÇOS DE ACABAMENTOS GRÁFICOS
18300,Reprodução de materiais gravados em qualquer suporte,Indústria de transformação,Impressão e reprodução,"Mídia, Cultura e Entretenimento",cnae_2:18,REPRODUÇÃO DE MATERIAIS GRAVADOS EM QUALQUER SUPORTE
19101,Coquerias,Indústria de transformação,Refino e derivados de petróleo,"Petróleo, Gás e Combustíveis",cnae_2:19,COQUERIAS
19217,Fabricação de produtos do refino de petróleo,Indústria de transformação,Refino e derivados de petróleo,"Petróleo, Gás e Combustíveis",cnae_2:19,FABRICAÇÃO DE PRODUTOS DO REFINO DE PETRÓLEO
19225,"Fabricação de produtos derivados do petróleo, exceto produtos do refino",Indústria de transformação,Refino e derivados de petróleo,"Petróleo, Gás e Combustíveis",cnae_2:19,"FABRICAÇÃO DE PRODUTOS DERIVADOS DO PETRÓLEO, EXCETO PRODUTOS DO REFINO"
19314,Fabricação de álcool,Indústria de transformação,Biocombustíveis,"Petróleo, Gás e Combustíveis",cnae_3:193,FABRICAÇÃO DE ÁLCOOL
19322,"Fabricação de biocombustíveis, exceto álcool",Indústria de transformação,Biocombustíveis,"Petróleo, Gás e Combustíveis",cnae_3:193,"FABRICAÇÃO DE BIOCOMBUSTÍVEIS, EXCETO ÁLCOOL"
20118,Fabricação de cloro e álcalis,Indústria de transformação,Químico,Químico,cnae_2:20,FABRICAÇÃO DE CLORO E ÁLCALIS
20126,Fabricação de intermediários para fertilizantes,Indústria de transformação,Fertilizantes,Agroquímicos e Fertilizantes,cnae_5:20126,FABRICAÇÃO DE INTERMEDIÁRIOS PARA FERTILIZANTES
20134,Fabricação de adubos e fertilizantes,Indústria de transformação,Fertilizantes,Agroquímicos e Fertilizantes,cnae_5:20134,FABRICAÇÃO DE ADUBOS E FERTILIZANTES
20142,Fabricação de gases industriais,Indústria de transformação,Gases industriais,Químico,cnae_5:20142,FABRICAÇÃO DE GASES INDUSTRIAIS
20193,Fabricação de produtos químicos inorgânicos não especificados anteriormente,Indústria de transformação,Químico,Químico,cnae_2:20,FABRICAÇÃO DE PRODUTOS QUÍMICOS INORGÂNICOS NÃO ESPECIFICADOS ANTERIORMENTE
20215,Fabricação de produtos petroquímicos básicos,Indústria de transformação,Químico,Químico,cnae_2:20,FABRICAÇÃO DE PRODUTOS PETROQUÍMICOS BÁSICOS
20223,"Fabricação de intermediários para plastificantes, resinas e fibras",Indústria de transformação,Químico,Químico,cnae_2:20,"FABRICAÇÃO DE INTERMEDIÁRIOS PARA PLASTIFICANTES, RESINAS E FIBRAS"
20291,Fabricação de produtos químicos orgânicos não especificados anteriormente,Indústria de transformação,Químico,Químico,cnae_2:20,FABRICAÇÃO DE PRODUTOS QUÍMICOS ORGÂNICOS NÃO ESPECIFICADOS ANTERIORMENTE
20312,Fabricação de resinas termoplásticas,Indústria de transformação,Químico,Químico,cnae_2:20,FABRICAÇÃO DE RESINAS TERMOPLÁSTICAS
20321,Fabricação de resinas termofixas,Indústria de transformação,Químico,Químico,cnae_2:20,FABRICAÇÃO DE RESINAS TERMOFIXAS
20339,Fabricação de elastômeros,Indústria de transformação,Químico,Químico,cnae_2:20,FABRICAÇÃO DE ELASTÔMEROS
20401,Fabricação de fibras artificiais e sintéticas,Indústria de transformação,Químico,Químico,cnae_2:20,FABRICAÇÃO DE FIBRAS ARTIFICIAIS E SINTÉTICAS
20517,Fabricação de defensivos agrícolas,Indústria de transformação,Defensivos agrícolas,Agroquímicos e Fertilizantes,cnae_5:20517,FABRICAÇÃO DE DEFENSIVOS AGRÍCOLAS
20525,Fabricação de desinfestantes domissanitários,Indústria de transformação,Químico,Químico,cnae_2:20,FABRICAÇÃO DE DESINFESTANTES DOMISSANITÁRIOS
20614,Fabricação de sabões e detergentes sintéticos,Indústria de transformação,Limpeza e cosméticos,Higiene e Cosméticos,cnae_3:206,FABRICAÇÃO DE SABÕES E DETERGENTES SINTÉTICOS
20622,Fabricação de produtos de limpeza e polimento,Indústria de transformação,Limpeza e cosméticos,Higiene e Cosméticos,cnae_3:206,FABRICAÇÃO DE PRODUTOS DE LIMPEZA E POLIMENTO
20631,"Fabricação de cosméticos, produtos de perfumaria e de higiene pessoal",Indústria de transformação,Limpeza e cosméticos,Higiene e Cosméticos,cnae_3:206,"FABRICAÇÃO DE COSMÉTICOS, PRODUTOS DE PERFUMARIA E DE HIGIENE PESSOAL"
20711,"Fabricação de tintas, vernizes, esmaltes e lacas",Indústria de transformação,Tintas e vernizes,Químico,cnae_3:207,"FABRICAÇÃO DE TINTAS, VERNIZES, ESMALTES E LACAS"
20720,Fabricação de tintas de impressão,Indústria de transformação,Tintas e vernizes,Químico,cnae_3:207,FABRICAÇÃO DE TINTAS DE IMPRESSÃO
20738,"Fabricação de impermeabilizantes, solventes e produtos afins",Indústria de transformação,Tintas e vernizes,Químico,cnae_3:207,"FABRICAÇÃO DE IMPERMEABILIZANTES, SOLVENTES E PRODUTOS AFINS"
20916,Fabricação de adesivos e selantes,Indústria de transformação,Químico,Químico,cnae_2:20,FABRICAÇÃO DE ADESIVOS E SELANTES
20924,Fabricação de explosivos,Indústria de transformação,Químico,Químico,cnae_2:20,FABRICAÇÃO DE EXPLOSIVOS
20932,Fabricação de aditivos de uso industrial,Indústria de transformação,Químico,Químico,cnae_2:20,FABRICAÇÃO DE ADITIVOS DE USO INDUSTRIAL
20941,Fabricação de catalisadores,Indústria de transformação,Químico,Químico,cnae_2:20,FABRICAÇÃO DE CATALISADORES
20991,Fabricação de produtos químicos não especificados anteriormente,Indústria de transformação,Químico,Químico,cnae_2:20,FABRICAÇÃO DE PRODUTOS QUÍMICOS NÃO ESPECIFICADOS ANTERIORMENTE
22111,Fabricação de pneumáticos e de câmaras-de-ar,Indústria de transformação,Borracha e pneus,Químico,cnae_3:221,FABRICAÇÃO DE PNEUMÁTICOS E DE CÂMARAS-DE-AR
22129,Reforma de pneumáticos usados,Indústria de transformação,Borracha e pneus,Químico,cnae_3:221,REFORMA DE PNEUMÁTICOS USADOS
22196,Fabricação de artefatos de borracha não especificados anteriormente,Indústria de transformação,Borracha e pneus,Químico,cnae_3:221,FABRICAÇÃO DE ARTEFATOS DE BORRACHA NÃO ESPECIFICADOS ANTERIORMENTE
22218,Fabricação de laminados planos e tubulares de material plástico,Indústria de transformação,Plásticos,Químico,cnae_3:222,FABRICAÇÃO DE LAMINADOS PLANOS E TUBULARES DE MATERIAL PLÁSTICO
22226,Fabricação de embalagens de material plástico,Indústria de transformação,Plásticos,Químico,cnae_3:222,FABRICAÇÃO DE EMBALAGENS DE MATERIAL PLÁSTICO
22234,Fabricação de tubos e acessórios de material plástico para uso na construção,Indústria de transformação,Plásticos,Químico,cnae_3:222,FABRICAÇÃO DE TUBOS E ACESSÓRIOS DE MATERIAL PLÁSTICO PARA USO NA CONSTRUÇÃO
22293,Fabricação de artefatos de material plástico não especificados anteriormente,Indústria de transformação,Plásticos,Químico,cnae_3:222,FABRICAÇÃO DE ARTEFATOS DE MATERIAL PLÁSTICO NÃO ESPECIFICADOS ANTERIORMENTE
24113,Produção de ferro-gusa,Indústria de transformação,Siderurgia,Mineração e Metalurgia,cnae_3:241,PRODUÇÃO DE FERRO-GUSA
24121,Produção de ferroligas,Indústria de transformação,Siderurgia,Mineração e Metalurgia,cnae_3:241,PRODUÇÃO DE FERROLIGAS
24211,Produção de semi-acabados de aço,Indústria de transformação,Siderurgia,Mineração e Metalurgia,cnae_3:242,PRODUÇÃO DE SEMIACABADOS DE AÇO
24229,Produção de laminados planos de aço,Indústria de transformação,Siderurgia,Mineração e Metalurgia,cnae_3:242,PRODUÇÃO DE LAMINADOS PLANOS DE AÇO
24237,Produção de laminados longos de aço,Indústria de transformação,Siderurgia,Mineração e Metalurgia,cnae_3:242,PRODUÇÃO DE LAMINADOS LONGOS DE AÇO
24245,"Produção de relaminados, trefilados e perfilados de aço",Indústria de transformação,Siderurgia,Mineração e Metalurgia,cnae_3:242,"PRODUÇÃO DE RELAMINADOS, TREFILADOS E PERFILADOS DE AÇO"
24318,Produção de tubos de aço com costura,Indústria de transformação,Siderurgia,Mineração e Metalurgia,cnae_3:243,PRODUÇÃO DE TUBOS DE AÇO COM COSTURA
24393,Produção de outros tubos de ferro e aço,Indústria de transformação,Siderurgia,Mineração e Metalurgia,cnae_3:243,PRODUÇÃO DE OUTROS TUBOS DE FERRO E AÇO
24415,Metalurgia do alumínio e suas ligas,Indústria de transformação,Metalurgia de metais não ferrosos,Mineração e Metalurgia,cnae_3:244,METALURGIA DO ALUMÍNIO E SUAS LIGAS
24423,Metalurgia dos metais preciosos,Indústria de transformação,Metalurgia de metais não ferrosos,Mineração e Metalurgia,cnae_3:244,METALURGIA DOS METAIS PRECIOSOS
24431,Metalurgia do cobre,Indústria de transformação,Metalurgia de metais não ferrosos,Mineração e Metalurgia,cnae_3:244,METALURGIA DO COBRE
24491,Metalurgia dos metais não-ferrosos e suas ligas não especificados anteriormente,Indústria de transformação,Metalurgia de metais não ferrosos,Mineração e Metalurgia,cnae_3:244,METALURGIA DOS METAIS NÃO FERROSOS E SUAS LIGAS NÃO ESPECIFICADOS ANTERIORMENTE
24512,Fundição de ferro e aço,Indústria de transformação,Fundição,Mineração e Metalurgia,cnae_3:245,FUNDIÇÃO DE FERRO E AÇO
24521,Fundição de metais não-ferrosos e suas ligas,Indústria de transformação,Fundição,Mineração e Metalurgia,cnae_3:245,FUNDIÇÃO DE METAIS NÃO FERROSOS E SUAS LIGAS
25110,Fabricação de estruturas metálicas,Indústria de transformação,Produtos de metal,Mineração e Metalurgia,cnae_2:25,FABRICAÇÃO DE ESTRUTURAS METÁLICAS
25128,Fabricação de esquadrias de metal,Indústria de transformação,Produtos de metal,Mineração e Metalurgia,cnae_2:25,FABRICAÇÃO DE ESQUADRIAS DE METAL
25136,Fabricação de obras de caldeiraria pesada,Indústria de transformação,Produtos de metal,Mineração e Metalurgia,cnae_2:25,FABRICAÇÃO DE OBRAS DE CALDEIRARIA PESADA
25217,"Fabricação de tanques, reservatórios metálicos e caldeiras para aquecimento central",Indústria de transformação,Produtos de metal,Mineração e Metalurgia,cnae_2:25,"FABRICAÇÃO DE TANQUES, RESERVATÓRIOS METÁLICOS E CALDEIRAS PARA AQUECIMENTO CENTRAL"
25225,"Fabricação de caldeiras geradoras de vapor, exceto para aquecimento central e para veículos",Indústria de transformação,Produtos de metal,Mineração e Metalurgia,cnae_2:25,"FABRICAÇÃO DE CALDEIRAS GERADORAS DE VAPOR, EXCETO PARA AQUECIMENTO CENTRAL E PARA VEÍCULOS"
25314,Produção de forjados de aço e de metais não-ferrosos e suas ligas,Indústria de transformação,Produtos de metal,Mineração e Metalurgia,cnae_2:25,PRODUÇÃO DE FORJADOS DE AÇO E DE METAIS NÃO FERROSOS E SUAS LIGAS
25322,Produção de artefatos estampados de metal; metalurgia do pó,Indústria de transformação,Produtos de metal,Mineração e Metalurgia,cnae_2:25,PRODUÇÃO DE ARTEFATOS ESTAMPADOS DE METAL; METALURGIA DO PÓ
25390,"Serviços de usinagem, solda, tratamento e revestimento em metais",Indústria de transformação,Produtos de metal,Mineração e Metalurgia,cnae_2:25,"SERVIÇOS DE USINAGEM, SOLDA, TRATAMENTO E REVESTIMENTO EM METAIS"
25411,Fabricação de artigos de cutelaria,Indústria de transformação,Produtos de metal,Mineração e Metalurgia,cnae_2:25,FABRICAÇÃO DE ARTIGOS DE CUTELARIA
25420,"Fabricação de artigos de serralheria, exceto esquadrias",Indústria de transformação,Produtos de metal,Mineração e Metalurgia,cnae_2:25,"FABRICAÇÃO DE ARTIGOS DE SERRALHERIA, EXCETO ESQUADRIAS"
25438,Fabricação de ferramentas,Indústria de transformação,Produtos de metal,Mineração e Metalurgia,cnae_2:25,FABRICAÇÃO DE FERRAMENTAS
25501,"Fabricação de equipamento bélico pesado, armas de fogo e munições",Indústria de transformação,Produtos de metal,Mineração e Metalurgia,cnae_2:25,"FABRICAÇÃO DE EQUIPAMENTO BÉLICO PESADO, ARMAS E MUNIÇÕES"
25918,Fabricação de embalagens metálicas,Indústria de transformação,Produtos de metal,Mineração e Metalurgia,cnae_2:25,FABRICAÇÃO DE EMBALAGENS METÁLICAS
25926,Fabricação de produtos de trefilados de metal,Indústria de transformação,Produtos de metal,Mineração e Metalurgia,cnae_2:25,FABRICAÇÃO DE PRODUTOS DE TREFILADOS DE METAL
25934,Fabricação de artigos de metal para uso doméstico e pessoal,Indústria de transformação,Produtos de metal,Mineração e Metalurgia,cnae_2:25,FABRICAÇÃO DE ARTIGOS DE METAL PARA USO DOMÉSTICO E PESSOAL
25993,Fabricação de produtos de metal não especificados anteriormente,Indústria de transformação,Produtos de metal,Mineração e Metalurgia,cnae_2:25,FABRICAÇÃO DE PRODUTOS DE METAL NÃO ESPECIFICADOS ANTERIORMENTE
26108,Fabricação de componentes eletrônicos,Indústria de transformação,Componentes eletrônicos,Eletrônicos e Eletrodomésticos,cnae_3:261,FABRICAÇÃO DE COMPONENTES ELETRÔNICOS
26213,Fabricação de equipamentos de informática,Indústria de transformação,Informática,Eletrônicos e Eletrodomésticos,cnae_3:262,FABRICAÇÃO DE EQUIPAMENTOS DE INFORMÁTICA
26221,Fabricação de periféricos para equipamentos de informática,Indústria de transformação,Informática,Eletrônicos e Eletrodomésticos,cnae_3:262,FABRICAÇÃO DE PERIFÉRICOS PARA EQUIPAMENTOS DE INFORMÁTICA
26311,Fabricação de equipamentos transmissores de comunicação,Indústria de transformação,Equipamentos de comunicação,Eletrônicos e Eletrodomésticos,cnae_3:263,FABRICAÇÃO DE EQUIPAMENTOS TRANSMISSORES DE COMUNICAÇÃO
26329,Fabricação de aparelhos telefônicos e de outros equipamentos de comunicação,Indústria de transformação,Equipamentos de comunicação,Eletrônicos e Eletrodomésticos,cnae_3:263,FABRICAÇÃO DE APARELHOS TELEFÔNICOS E DE OUTROS EQUIPAMENTOS DE COMUNICAÇÃO
26400,"Fabricação de aparelhos de recepção, reprodução, gravação e amplificação de áudio e vídeo",Indústria de transformação,Áudio e vídeo,Eletrônicos e Eletrodomésticos,cnae_3:264,"FABRICAÇÃO DE APARELHOS DE RECEPÇÃO, REPRODUÇÃO, GRAVAÇÃO E AMPLIFICAÇÃO DE ÁUDIO E VÍDEO"
26515,"Fabricação de aparelhos e equipamentos de medida, teste e controle",Indústria de transformação,Instrumentos de medição,Eletrônicos e Eletrodomésticos,cnae_3:265,"FABRICAÇÃO DE APARELHOS E EQUIPAMENTOS DE MEDIDA, TESTE E CONTROLE"
26523,Fabricação de cronômetros e relógios,Indústria de transformação,Instrumentos de medição,Eletrônicos e Eletrodomésticos,cnae_3:265,FABRICAÇÃO DE CRONÔMETROS E RELÓGIOS
26604,Fabricação de aparelhos eletromédicos e eletroterapêuticos e equipamentos de irradiação,Indústria de transformação,Equipamentos médicos,Saúde,cnae_3:266,FABRICAÇÃO DE APARELHOS ELETROMÉDICOS E ELETROTERAPÊUTICOS E EQUIPAMENTOS DE IRRADIAÇÃO
26701,"Fabricação de equipamentos e instrumentos ópticos, fotográficos e cinematográficos",Indústria de transformação,Óptica e fotografia,Eletrônicos e Eletrodomésticos,cnae_3:267,"FABRICAÇÃO DE EQUIPAMENTOS E INSTRUMENTOS ÓPTICOS, FOTOGRÁFICOS E CINEMATOGRÁFICOS"
27104,"Fabricação de geradores, transformadores e motores elétricos",Indústria de transformação,Equipamentos elétricos,Máquinas e Equipamentos,cnae_2:27,"FABRICAÇÃO DE GERADORES, TRANSFORMADORES E MOTORES ELÉTRICOS"
27210,"Fabricação de pilhas, baterias e acumuladores elétricos, exceto para veículos automotores",Indústria de transformação,Equipamentos elétricos,Máquinas e Equipamentos,cnae_2:27,"FABRICAÇÃO DE PILHAS, BATERIAS E ACUMULADORES ELÉTRICOS, EXCETO PARA VEÍCULOS AUTOMOTORES"
27228,Fabricação de baterias e acumuladores para veículos automotores,Indústria de transformação,Equipamentos elétricos,Máquinas e Equipamentos,cnae_2:27,FABRICAÇÃO DE BATERIAS E ACUMULADORES PARA VEÍCULOS AUTOMOTORES
27317,Fabricação de aparelhos e equipamentos para distribuição e controle de energia elétrica,Indústria de transformação,Equipamentos elétricos,Máquinas e Equipamentos,cnae_2:27,FABRICAÇÃO DE APARELHOS E EQUIPAMENTOS PARA DISTRIBUIÇÃO E CONTROLE DE ENERGIA ELÉTRICA
27325,Fabricação de material elétrico para instalações em circuito de consumo,Indústria de transformação,Equipamentos elétricos,Máquinas e Equipamentos,cnae_2:27,FABRICAÇÃO DE MATERIAL ELÉTRICO PARA INSTALAÇÕES EM CIRCUITO DE CONSUMO
27333,"Fabricação de fios, cabos e condutores elétricos isolados",Indústria de transformação,Equipamentos elétricos,Máquinas e Equipamentos,cnae_2:27,"FABRICAÇÃO DE FIOS, CABOS E CONDUTORES ELÉTRICOS ISOLADOS"
27406,Fabricação de lâmpadas e outros equipamentos de iluminação,Indústria de transformação,Equipamentos elétricos,Máquinas e Equipamentos,cnae_2:27,FABRICAÇÃO DE LÂMPADAS E OUTROS EQUIPAMENTOS DE ILUMINAÇÃO
27511,"Fabricação de fogões, refrigeradores e máquinas de lavar e secar para uso doméstico",Indústria de transformação,Eletrodomésticos,Eletrônicos e Eletrodomésticos,cnae_3:275,"FABRICAÇÃO DE FOGÕES, REFRIGERADORES E MÁQUINAS DE LAVAR E SECAR PARA USO DOMÉSTICO"
27597,Fabricação de aparelhos eletrodomésticos não especificados anteriormente,Indústria de transformação,Eletrodomésticos,Eletrônicos e Eletrodomésticos,cnae_3:275,FABRICAÇÃO DE APARELHOS ELETRODOMÉSTICOS NÃO ESPECIFICADOS ANTERIORMENTE
27902,Fabricação de equipamentos e aparelhos elétricos não especificados anteriormente,Indústria de transformação,Equipamentos elétricos,Máquinas e Equipamentos,cnae_2:27,FABRICAÇÃO DE EQUIPAMENTOS E APARELHOS ELÉTRICOS NÃO ESPECIFICADOS ANTERIORMENTE
28119,"Fabricação de motores e turbinas, exceto para aviões e veículos rodoviários",Indústria de transformação,Máquinas e equipamentos,Máquinas e Equipamentos,cnae_2:28,"FABRICAÇÃO DE MOTORES E TURBINAS, EXCETO PARA AVIÕES E VEÍCULOS RODOVIÁRIOS"
28127,"Fabricação de equipamentos hidráulicos e pneumáticos, exceto válvulas",Indústria de transformação,Máquinas e equipamentos,Máquinas e Equipamentos,cnae_2:28,"FABRICAÇÃO DE EQUIPAMENTOS HIDRÁULICOS E PNEUMÁTICOS, EXCETO VÁLVULAS"
28135,"Fabricação de válvulas, registros e dispositivos semelhantes",Indústria de transformação,Máquinas e equipamentos,Máquinas e Equipamentos,cnae_2:28,"FABRICAÇÃO DE VÁLVULAS, REGISTROS E DISPOSITIVOS SEMELHANTES"
28143,Fabricação de compressores,Indústria de transformação,Máquinas e equipamentos,Máquinas e Equipamentos,cnae_2:28,FABRICAÇÃO DE COMPRESSORES
28151,Fabricação de equipamentos de transmissão para fins industriais,Indústria de transformação,Máquinas e equipamentos,Máquinas e Equipamentos,cnae_2:28,FABRICAÇÃO DE EQUIPAMENTOS DE TRANSMISSÃO PARA FINS INDUSTRIAIS
28216,Fabricação de aparelhos e equipamentos para instalações térmicas,Indústria de transformação,Máquinas e equipamentos,Máquinas e Equipamentos,cnae_2:28,FABRICAÇÃO DE APARELHOS E EQUIPAMENTOS PARA INSTALAÇÕES TÉRMICAS
28224,"Fabricação de máquinas, equipamentos e aparelhos para transporte e elevação de cargas e pessoas",Indústria de transformação,Máquinas e equipamentos,Máquinas e Equipamentos,cnae_2:28,"FABRICAÇÃO DE MÁQUINAS, EQUIPAMENTOS E APARELHOS PARA TRANSPORTE E ELEVAÇÃO DE CARGAS E PESSOAS"
28232,Fabricação de máquinas e aparelhos de refrigeração e ventilação para uso industrial e comercial,Indústria de transformação,Máquinas e equipamentos,Máquinas e Equipamentos,cnae_2:28,FABRICAÇÃO DE MÁQUINAS E APARELHOS DE REFRIGERAÇÃO E VENTILAÇÃO PARA USO INDUSTRIAL E COMERCIAL
28241,Fabricação de aparelhos e equipamentos de ar condicionado,Indústria de transformação,Máquinas e equipamentos,Máquinas e Equipamentos,cnae_2:28,FABRICAÇÃO DE APARELHOS E EQUIPAMENTOS DE AR CONDICIONADO
28259,Fabricação de máquinas e equipamentos para saneamento básico e ambiental,Indústria de transformação,Máquinas e equipamentos,Máquinas e Equipamentos,cnae_2:28,FABRICAÇÃO DE MÁQUINAS E EQUIPAMENTOS PARA SANEAMENTO BÁSICO E AMBIENTAL
28291,Fabricação de máquinas e equipamentos de uso geral não especificados anteriormente,Indústria de transformação,Máquinas e equipamentos,Máquinas e Equipamentos,cnae_2:28,FABRICAÇÃO DE MÁQUINAS E EQUIPAMENTOS DE USO GERAL NÃO ESPECIFICADOS ANTERIORMENTE
28313,Fabricação de tratores agrícolas,Indústria de transformação,Máquinas agrícolas,Máquinas e Equipamentos,cnae_3:283,FABRICAÇÃO DE TRATORES AGRÍCOLAS
28321,Fabricação de equipamentos para irrigação agrícola,Indústria de transformação,Máquinas agrícolas,Máquinas e Equipamentos,cnae_3:283,FABRICAÇÃO DE EQUIPAMENTOS PARA IRRIGAÇÃO AGRÍCOLA
28330,"Fabricação de máquinas e equipamentos para a agricultura e pecuária, exceto para irrigação",Indústria de transformação,Máquinas agrícolas,Máquinas e Equipamentos,cnae_3:283,"FABRICAÇÃO DE MÁQUINAS E EQUIPAMENTOS PARA A AGRICULTURA E PECUÁRIA, EXCETO PARA IRRIGAÇÃO"
28402,Fabricação de máquinas-ferramenta,Indústria de transformação,Máquinas e equipamentos,Máquinas e Equipamentos,cnae_2:28,FABRICAÇÃO DE MÁQUINAS-FERRAMENTA
28518,Fabricação de máquinas e equipamentos para a prospecção e extração de petróleo,Indústria de transformação,Equipamentos para petróleo e gás,Máquinas e Equipamentos,cnae_5:28518,FABRICAÇÃO DE MÁQUINAS E EQUIPAMENTOS PARA A PROSPECÇÃO E EXTRAÇÃO DE PETRÓLEO
28526,"Fabricação de outras máquinas e equipamentos para uso na extração mineral, exceto na extração de petróleo",Indústria de transformação,Máquinas para construção e mineração,Máquinas e Equipamentos,cnae_3:285,"FABRICAÇÃO DE OUTRAS MÁQUINAS E EQUIPAMENTOS PARA USO NA EXTRAÇÃO MINERAL, EXCETO NA EXTRAÇÃO DE PETRÓLEO"
28534,"Fabricação de tratores, exceto agrícolas",Indústria de transformação,Máquinas para construção e mineração,Máquinas e Equipamentos,cnae_3:285,"FABRICAÇÃO DE TRATORES, EXCETO AGRÍCOLAS"
28542,"Fabricação de máquinas e equipamentos para terraplenagem, pavimentação e construção, exceto tratores",Indústria de transformação,Máquinas para construção e mineração,Máquinas e Equipamentos,cnae_3:285,"FABRICAÇÃO DE MÁQUINAS E EQUIPAMENTOS PARA TERRAPLENAGEM, PAVIMENTAÇÃO E CONSTRUÇÃO, EXCETO TRATORES"
28615,"Fabricação de máquinas para a indústria metalúrgica, exceto máquinas-ferramenta",Indústria de transformação,Máquinas e equipamentos,Máquinas e Equipamentos,cnae_2:28,"FABRICAÇÃO DE MÁQUINAS PARA A INDÚSTRIA METALÚRGICA, EXCETO MÁQUINAS-FERRAMENTA"
28623,"Fabricação de máquinas e equipamentos para as indústrias de alimentos, bebidas e fumo",Indústria de transformação,Máquinas e equipamentos,Máquinas e Equipamentos,cnae_2:28,"FABRICAÇÃO DE MÁQUINAS E EQUIPAMENTOS PARA AS INDÚSTRIAS DE ALIMENTOS, BEBIDAS E FUMO"
28631,Fabricação de máquinas e equipamentos para a indústria têxtil,Indústria de transformação,Máquinas e equipamentos,Máquinas e Equipamentos,cnae_2:28,FABRICAÇÃO DE MÁQUINAS E EQUIPAMENTOS PARA A INDÚSTRIA TÊXTIL
28640,"Fabricação de máquinas e equipamentos para as indústrias do vestuário, do couro e de calçados",Indústria de transformação,Máquinas e equipamentos,Máquinas e Equipamentos,cnae_2:28,"FABRICAÇÃO DE MÁQUINAS E EQUIPAMENTOS PARA AS INDÚSTRIAS DO VESTUÁRIO, DO COURO E DE CALÇADOS"
28658,"Fabricação de máquinas e equipamentos para as indústrias de celulose, papel e papelão e artefatos",Indústria de transformação,Máquinas e equipamentos,Máquinas e Equipamentos,cnae_2:28,"FABRICAÇÃO DE MÁQUINAS E EQUIPAMENTOS PARA AS INDÚSTRIAS DE CELULOSE, PAPEL E PAPELÃO E ARTEFATOS"
28666,Fabricação de máquinas e equipamentos para a indústria do plástico,Indústria de transformação,Máquinas e equipamentos,Máquinas e Equipamentos,cnae_2:28,FABRICAÇÃO DE MÁQUINAS E EQUIPAMENTOS PARA A INDÚSTRIA DO PLÁSTICO
28691,Fabricação de máquinas e equipamentos para uso industrial específico não especificados anteriormente,Indústria de transformação,Máquinas e equipamentos,Máquinas e Equipamentos,cnae_2:28,FABRICAÇÃO DE MÁQUINAS E EQUIPAMENTOS PARA USO INDUSTRIAL ESPECÍFICO NÃO ESPECIFICADOS ANTERIORMENTE
29107,"Fabricação de automóveis, camionetas e utilitários",Indústria de transformação,Automóveis,Automotivo,cnae_3:291,"FABRICAÇÃO DE AUTOMÓVEIS, CAMIONETAS E UTILITÁRIOS"
29204,Fabricação de caminhões e ônibus,Indústria de transformação,Caminhões e ônibus,Automotivo,cnae_3:292,FABRICAÇÃO DE CAMINHÕES E ÔNIBUS
29301,"Fabricação de cabines, carrocerias e reboques para veículos automotores",Indústria de transformação,Carrocerias e reboques,Automotivo,cnae_3:293,"FABRICAÇÃO DE CABINES, CARROCERIAS E REBOQUES PARA VEÍCULOS AUTOMOTORES"
29417,Fabricação de peças e acessórios para o sistema motor de veículos automotores,Indústria de transformação,Autopeças,Automotivo,cnae_3:294,FABRICAÇÃO DE PEÇAS E ACESSÓRIOS PARA O SISTEMA MOTOR DE VEÍCULOS AUTOMOTORES
29425,Fabricação de peças e acessórios para os sistemas de marcha e transmissão de veículos automotores,Indústria de transformação,Autopeças,Automotivo,cnae_3:294,FABRICAÇÃO DE PEÇAS E ACESSÓRIOS PARA OS SISTEMAS DE MARCHA E TRANSMISSÃO DE VEÍCULOS AUTOMOTORES
29433,Fabricação de peças e acessórios para o sistema de freios de veículos automotores,Indústria de transformação,Autopeças,Automotivo,cnae_3:294,FABRICAÇÃO DE PEÇAS E ACESSÓRIOS PARA O SISTEMA DE FREIOS DE VEÍCULOS AUTOMOTORES
29441,Fabricação de peças e acessórios para o sistema de direção e suspensão de veículos automotores,Indústria de transformação,Autopeças,Automotivo,cnae_3:294,FABRICAÇÃO DE PEÇAS E ACESSÓRIOS PARA O SISTEMA DE DIREÇÃO E SUSPENSÃO DE VEÍCULOS AUTOMOTORES
29450,"Fabricação de material elétrico e eletrônico para veículos automotores, exceto baterias",Indústria de transformação,Autopeças,Automotivo,cnae_3:294,"FABRICAÇÃO DE MATERIAL ELÉTRICO E ELETRÔNICO PARA VEÍCULOS AUTOMOTORES, EXCETO BATERIAS"
29492,Fabricação de peças e acessórios para veículos automotores não especificados anteriormente,Indústria de transformação,Autopeças,Automotivo,cnae_3:294,FABRICAÇÃO DE PEÇAS E ACESSÓRIOS PARA VEÍCULOS AUTOMOTORES NÃO ESPECIFICADOS ANTERIORMENTE
29506,Recondicionamento e recuperação de motores para veículos automotores,Indústria de transformação,Recondicionamento de motores,Automotivo,cnae_3:295,RECONDICIONAMENTO E RECUPERAÇÃO DE MOTORES PARA VEÍCULOS AUTOMOTORES
30113,Construção de embarcações e estruturas flutuantes,Indústria de transformação,Construção naval,Naval,cnae_3:301,CONSTRUÇÃO DE EMBARCAÇÕES E ESTRUTURAS FLUTUANTES
30121,Construção de embarcações para esporte e lazer,Indústria de transformação,Construção naval,Naval,cnae_3:301,CONSTRUÇÃO DE EMBARCAÇÕES PARA ESPORTE E LAZER
30318,"Fabricação de locomotivas, vagões e outros materiais rodantes",Indústria de transformação,Material ferroviário,Outras Indústrias,cnae_3:303,"FABRICAÇÃO DE LOCOMOTIVAS, VAGÕES E OUTROS MATERIAIS RODANTES"
30326,Fabricação de peças e acessórios para veículos ferroviários,Indústria de transformação,Material ferroviário,Outras Indústrias,cnae_3:303,FABRICAÇÃO DE PEÇAS E ACESSÓRIOS PARA VEÍCULOS FERROVIÁRIOS
30415,Fabricação de aeronaves,Indústria de transformação,Indústria aeronáutica,Aviação,cnae_3:304,FABRICAÇÃO DE AERONAVES
30423,"Fabricação de turbinas, motores e outros componentes e peças para aeronaves",Indústria de transformação,Indústria aeronáutica,Aviação,cnae_3:304,"FABRICAÇÃO DE TURBINAS, MOTORES E OUTROS COMPONENTES E PEÇAS PARA AERONAVES"
30911,Fabricação de motocicletas,Indústria de transformação,Motocicletas,Automotivo,cnae_5:30911,FABRICAÇÃO DE MOTOCICLETAS
30920,Fabricação de bicicletas e triciclos não-motorizados,Indústria de transformação,Bicicletas,Outras Indústrias,cnae_5:30920,FABRICAÇÃO DE BICICLETAS E TRICICLOS NÃO MOTORIZADOS
30997,Fabricação de equipamentos de transporte não especificados anteriormente,Indústria de transformação,Outros equipamentos de transporte,Outras Indústrias,cnae_2:30,FABRICAÇÃO DE EQUIPAMENTOS DE TRANSPORTE NÃO ESPECIFICADOS ANTERIORMENTE
31012,Fabricação de móveis com predominância de madeira,Indústria de transformação,Móveis,Móveis e Decoração,cnae_2:31,FABRICAÇÃO DE MÓVEIS COM PREDOMINÂNCIA DE MADEIRA
31021,Fabricação de móveis com predominância de metal,Indústria de transformação,Móveis,Móveis e Decoração,cnae_2:31,FABRICAÇÃO DE MÓVEIS COM PREDOMINÂNCIA DE METAL
31039,"Fabricação de móveis de outros materiais, exceto madeira e metal",Indústria de transformação,Móveis,Móveis e Decoração,cnae_2:31,"FABRICAÇÃO DE MÓVEIS DE OUTROS MATERIAIS, EXCETO MADEIRA E METAL"
31047,Fabricação de colchões,Indústria de transformação,Móveis,Móveis e Decoração,cnae_2:31,FABRICAÇÃO DE COLCHÕES
32116,Lapidação de gemas e fabricação de artefatos de ourivesaria e joalheria,Indústria de transformação,Outras indústrias,Outras Indústrias,cnae_2:32,LAPIDAÇÃO DE GEMAS E FABRICAÇÃO DE ARTEFATOS DE OURIVESARIA E JOALHERIA
32124,Fabricação de bijuterias e artefatos semelhantes,Indústria de transformação,Outras indústrias,Outras Indústrias,cnae_2:32,FABRICAÇÃO DE BIJUTERIAS E ARTEFATOS SEMELHANTES
32205,Fabricação de instrumentos musicais,Indústria de transformação,Outras indústrias,Outras Indústrias,cnae_2:32,FABRICAÇÃO DE INSTRUMENTOS MUSICAIS
32302,Fabricação de artefatos para pesca e esporte,Indústria de transformação,Outras indústrias,Outras Indústrias,cnae_2:32,FABRICAÇÃO DE ARTEFATOS PARA PESCA E ESPORTE
32400,Fabricação de brinquedos e jogos recreativos,Indústria de transformação,Outras indústrias,Outras Indústrias,cnae_2:32,FABRICAÇÃO DE BRINQUEDOS E JOGOS RECREATIVOS
32507,Fabricação de instrumentos e materiais para uso médico e odontológico e de artigos ópticos,Indústria de transformação,Outras indústrias,Outras Indústrias,cnae_2:32,FABRICAÇÃO DE INSTRUMENTOS E MATERIAIS PARA USO MÉDICO E ODONTOLÓGICO E DE ARTIGOS ÓPTICOS
32914,"Fabricação de escovas, pincéis e vassouras",Indústria de transformação,Outras indústrias,Outras Indústrias,cnae_2:32,"FABRICAÇÃO DE ESCOVAS, PINCÉIS E VASSOURAS"
32922,Fabricação de equipamentos e acessórios para segurança e proteção pessoal e profissional,Indústria de transformação,Outras indústrias,Outras Indústrias,cnae_2:32,FABRICAÇÃO DE EQUIPAMENTOS E ACESSÓRIOS PARA SEGURANÇA E PROTEÇÃO PESSOAL E PROFISSIONAL
32990,Fabricação de produtos diversos não especificados anteriormente,Indústria de transformação,Outras indústrias,Outras Indústrias,cnae_2:32,FABRICAÇÃO DE PRODUTOS DIVERSOS NÃO ESPECIFICADOS ANTERIORMENTE
46117,Representantes comerciais e agentes do comércio de matérias-primas agrícolas e animais vivos,Comércio e reparação de veículos,Comércio atacadista — diversos,Comércio Diversificado,cnae_2:46,REPRESENTANTES COMERCIAIS E AGENTES DO COMÉRCIO DE MATÉRIAS-PRIMAS AGRÍCOLAS E ANIMAIS VIVOS
46125,"Representantes comerciais e agentes do comércio de combustíveis, minerais, produtos siderúrgicos e químicos",Comércio e reparação de veículos,Comércio atacadista — diversos,Comércio Diversificado,cnae_2:46,"REPRESENTANTES COMERCIAIS E AGENTES DO COMÉRCIO DE COMBUSTÍVEIS, MINERAIS, PRODUTOS SIDERÚRGICOS E QUÍMICOS"
46133,"Representantes comerciais e agentes do comércio de madeira, material de construção e ferragens",Comércio e reparação de veículos,Comércio atacadista — diversos,Comércio Diversificado,cnae_2:46,"REPRESENTANTES COMERCIAIS E AGENTES DO COMÉRCIO DE MADEIRA, MATERIAL DE CONSTRUÇÃO E FERRAGENS"
46141,"Representantes comerciais e agentes do comércio de máquinas, equipamentos, embarcações e aeronaves",Comércio e reparação de veículos,Comércio atacadista — diversos,Comércio Diversificado,cnae_2:46,"REPRESENTANTES COMERCIAIS E AGENTES DO COMÉRCIO DE MÁQUINAS, EQUIPAMENTOS, EMBARCAÇÕES E AERONAVES"
46150,"Representantes comerciais e agentes do comércio de eletrodomésticos, móveis e artigos de uso doméstico",Comércio e reparação de veículos,Comércio atacadista — diversos,Comércio Diversificado,cnae_2:46,"REPRESENTANTES COMERCIAIS E AGENTES DO COMÉRCIO DE ELETRODOMÉSTICOS, MÓVEIS E ARTIGOS DE USO DOMÉSTICO"
46168,"Representantes comerciais e agentes do comércio de têxteis, vestuário, calçados e artigos de viagem",Comércio e reparação de veículos,Comércio atacadista — diversos,Comércio Diversificado,cnae_2:46,"REPRESENTANTES COMERCIAIS E AGENTES DO COMÉRCIO DE TÊXTEIS, VESTUÁRIO, CALÇADOS E ARTIGOS DE VIAGEM"
46176,"Representantes comerciais e agentes do comércio de produtos alimentícios, bebidas e fumo",Comércio e reparação de veículos,Comércio atacadista — diversos,Comércio Diversificado,cnae_2:46,"REPRESENTANTES COMERCIAIS E AGENTES DO COMÉRCIO DE PRODUTOS ALIMENTÍCIOS, BEBIDAS E FUMO"
46184,Representantes comerciais e agentes do comércio especializado em produtos não especificados anteriormente,Comércio e reparação de veículos,Comércio atacadista — diversos,Comércio Diversificado,cnae_2:46,REPRESENTANTES COMERCIAIS E AGENTES DO COMÉRCIO ESPECIALIZADO EM PRODUTOS NÃO ESPECIFICADOS ANTERIORMENTE
46192,Representantes comerciais e agentes do comércio de mercadorias em geral não especializado,Comércio e reparação de veículos,Comércio atacadista — diversos,Comércio Diversificado,cnae_2:46,REPRESENTANTES COMERCIAIS E AGENTES DO COMÉRCIO DE MERCADORIAS EM GERAL NÃO ESPECIALIZADO
46214,Comércio atacadista de café em grão,Comércio e reparação de veículos,Comércio de matérias-primas agropecuárias,Agropecuária,cnae_3:462,COMÉRCIO ATACADISTA DE CAFÉ EM GRÃO
46222,Comércio atacadista de soja,Comércio e reparação de veículos,Comércio de matérias-primas agropecuárias,Agropecuária,cnae_3:462,COMÉRCIO ATACADISTA DE SOJA
46231,"Comércio atacadista de animais vivos, alimentos para animais e matérias-primas agrícolas, exceto café e soja",Comércio e reparação de veículos,Comércio de matérias-primas agropecuárias,Agropecuária,cnae_3:462,"COMÉRCIO ATACADISTA DE ANIMAIS VIVOS, ALIMENTOS PARA ANIMAIS E MATÉRIAS-PRIMAS AGRÍCOLAS, EXCETO CAFÉ E SOJA"
46311,Comércio atacadista de leite e laticínios,Comércio e reparação de veículos,Comércio de alimentos,Alimentos e Bebidas,cnae_3:463,COMÉRCIO ATACADISTA DE LEITE E LATICÍNIOS
46320,"Comércio atacadista de cereais e leguminosas beneficiados, farinhas, amidos e féculas",Comércio e reparação de veículos,Comércio de alimentos,Alimentos e Bebidas,cnae_3:463,"COMÉRCIO ATACADISTA DE CEREAIS E LEGUMINOSAS BENEFICIADOS, FARINHAS, AMIDOS E FÉCULAS"
46338,Comércio atacadista de hortifrutigranjeiros,Comércio e reparação de veículos,Comércio de alimentos,Alimentos e Bebidas,cnae_3:463,COMÉRCIO ATACADISTA DE HORTIFRUTIGRANJEIROS
46346,"Comércio atacadista de carnes, produtos da carne e pescado",Comércio e reparação de veículos,Comércio de alimentos,Alimentos e Bebidas,cnae_3:463,"COMÉRCIO ATACADISTA DE CARNES, PRODUTOS DA CARNE E PESCADO"
46354,Comércio atacadista de bebidas,Comércio e reparação de veículos,Comércio de bebidas,Alimentos e Bebidas,cnae_5:46354,COMÉRCIO ATACADISTA DE BEBIDAS
46362,Comércio atacadista de produtos do fumo,Comércio e reparação de veículos,Tabaco,Tabaco,cnae_5:46362,COMÉRCIO ATACADISTA DE PRODUTOS DO FUMO
46371,Comércio atacadista especializado em produtos alimentícios não especificados anteriormente,Comércio e reparação de veículos,Comércio de alimentos,Alimentos e Bebidas,cnae_3:463,COMÉRCIO ATACADISTA ESPECIALIZADO EM PRODUTOS ALIMENTÍCIOS NÃO ESPECIFICADOS ANTERIORMENTE
46397,Comércio atacadista de produtos alimentícios em geral,Comércio e reparação de veículos,Comércio de alimentos,Alimentos e Bebidas,cnae_3:463,COMÉRCIO ATACADISTA DE PRODUTOS ALIMENTÍCIOS EM GERAL
46419,"Comércio atacadista de tecidos, artefatos de tecidos e de armarinho",Comércio e reparação de veículos,Têxteis e vestuário,"Têxtil, Vestuário e Calçados",cnae_5:46419,"COMÉRCIO ATACADISTA DE TECIDOS, ARTEFATOS DE TECIDOS E DE ARMARINHO"
46427,Comércio atacadista de artigos do vestuário e acessórios,Comércio e reparação de veículos,Têxteis e vestuário,"Têxtil, Vestuário e Calçados",cnae_5:46427,COMÉRCIO ATACADISTA DE ARTIGOS DO VESTUÁRIO E ACESSÓRIOS
46435,Comércio atacadista de calçados e artigos de viagem,Comércio e reparação de veículos,Calçados e artigos de couro,"Têxtil, Vestuário e Calçados",cnae_5:46435,COMÉRCIO ATACADISTA DE CALÇADOS E ARTIGOS DE VIAGEM
46443,Comércio atacadista de produtos farmacêuticos para uso humano e veterinário,Comércio e reparação de veículos,Farmacêutico,Farmacêutico,cnae_5:46443,COMÉRCIO ATACADISTA DE PRODUTOS FARMACÊUTICOS PARA USO HUMANO E VETERINÁRIO
46451,"Comércio atacadista de instrumentos e materiais para uso médico, cirúrgico, ortopédico e odontológico",Comércio e reparação de veículos,Equipamentos médicos,Saúde,cnae_5:46451,"COMÉRCIO ATACADISTA DE INSTRUMENTOS E MATERIAIS PARA USO MÉDICO, CIRÚRGICO, ORTOPÉDICO E ODONTOLÓGICO"
46460,"Comércio atacadista de cosméticos, produtos de perfumaria e de higiene pessoal",Comércio e reparação de veículos,Limpeza e cosméticos,Higiene e Cosméticos,cnae_5:46460,"COMÉRCIO ATACADISTA DE COSMÉTICOS, PRODUTOS DE PERFUMARIA E DE HIGIENE PESSOAL"
46478,"Comércio atacadista de artigos de escritório e de papelaria; livros, jornais e outras publicações",Comércio e reparação de veículos,Livros e papelaria,"Mídia, Cultura e Entretenimento",cnae_5:46478,"COMÉRCIO ATACADISTA DE ARTIGOS DE ESCRITÓRIO E DE PAPELARIA; LIVROS, JORNAIS E OUTRAS PUBLICAÇÕES"
46494,Comércio atacadista de equipamentos e artigos de uso pessoal e doméstico não especificados anteriormente,Comércio e reparação de veículos,Comércio atacadista — diversos,Comércio Diversificado,cnae_2:46,COMÉRCIO ATACADISTA DE EQUIPAMENTOS E ARTIGOS DE USO PESSOAL E DOMÉSTICO NÃO ESPECIFICADOS ANTERIORMENTE
46516,"Comércio atacadista de computadores, periféricos e suprimentos de informática",Comércio e reparação de veículos,Informática,Eletrônicos e Eletrodomésticos,cnae_5:46516,"COMÉRCIO ATACADISTA DE COMPUTADORES, PERIFÉRICOS E SUPRIMENTOS DE INFORMÁTICA"
46524,Comércio atacadista de componentes eletrônicos e equipamentos de telefonia e comunicação,Comércio e reparação de veículos,Equipamentos de comunicação,Eletrônicos e Eletrodomésticos,cnae_5:46524,COMÉRCIO ATACADISTA DE COMPONENTES ELETRÔNICOS E EQUIPAMENTOS DE TELEFONIA E COMUNICAÇÃO
46613,"Comércio atacadista de máquinas, aparelhos e equipamentos para uso agropecuário; partes e peças",Comércio e reparação de veículos,Máquinas agrícolas,Máquinas e Equipamentos,cnae_5:46613,"COMÉRCIO ATACADISTA DE MÁQUINAS, APARELHOS E EQUIPAMENTOS PARA USO AGROPECUÁRIO; PARTES E PEÇAS"
46621,"Comércio atacadista de máquinas, equipamentos para terraplenagem, mineração e construção; partes e peças",Comércio e reparação de veículos,Máquinas para construção e mineração,Máquinas e Equipamentos,cnae_5:46621,"COMÉRCIO ATACADISTA DE MÁQUINAS, EQUIPAMENTOS PARA TERRAPLENAGEM, MINERAÇÃO E CONSTRUÇÃO; PARTES E PEÇAS"
46630,Comércio atacadista de máquinas e equipamentos para uso industrial; partes e peças,Comércio e reparação de veículos,Comércio de máquinas e equipamentos,Máquinas e Equipamentos,cnae_3:466,COMÉRCIO ATACADISTA DE MÁQUINAS E EQUIPAMENTOS PARA USO INDUSTRIAL; PARTES E PEÇAS
46648,"Comércio atacadista de máquinas, aparelhos e equipamentos para uso odonto-médico-hospitalar; partes e peças",Comércio e reparação de veículos,Equipamentos médicos,Saúde,cnae_5:46648,"COMÉRCIO ATACADISTA DE MÁQUINAS, APARELHOS E EQUIPAMENTOS PARA USO ODONTO-MÉDICO-HOSPITALAR; PARTES E PEÇAS"
46656,Comércio atacadista de máquinas e equipamentos para uso comercial; partes e peças,Comércio e reparação de veículos,Comércio de máquinas e equipamentos,Máquinas e Equipamentos,cnae_3:466,COMÉRCIO ATACADISTA DE MÁQUINAS E EQUIPAMENTOS PARA USO COMERCIAL; PARTES E PEÇAS
46699,"Comércio atacadista de máquinas, aparelhos e equipamentos não especificados anteriormente; partes e peças",Comércio e reparação de veículos,Comércio de máquinas e equipamentos,Máquinas e Equipamentos,cnae_3:466,"COMÉRCIO ATACADISTA DE MÁQUINAS, APARELHOS E EQUIPAMENTOS NÃO ESPECIFICADOS ANTERIORMENTE; PARTES E PEÇAS"
46711,Comércio atacadista de madeira e produtos derivados,Comércio e reparação de veículos,Materiais de construção,Materiais de Construção,cnae_3:467,COMÉRCIO ATACADISTA DE MADEIRA E PRODUTOS DERIVADOS
46729,Comércio atacadista de ferragens e ferramentas,Comércio e reparação de veículos,Materiais de construção,Materiais de Construção,cnae_3:467,COMÉRCIO ATACADISTA DE FERRAGENS E FERRAMENTAS
46737,Comércio atacadista de material elétrico,Comércio e reparação de veículos,Materiais de construção,Materiais de Construção,cnae_3:467,COMÉRCIO ATACADISTA DE MATERIAL ELÉTRICO
46745,Comércio atacadista de cimento,Comércio e reparação de veículos,Materiais de construção,Materiais de Construção,cnae_3:467,COMÉRCIO ATACADISTA DE CIMENTO
46796,Comércio atacadista especializado de materiais de construção não especificados anteriormente e de materiais de construção em geral,Comércio e reparação de veículos,Materiais de construção,Materiais de Construção,cnae_3:467,COMÉRCIO ATACADISTA ESPECIALIZADO DE MATERIAIS DE CONSTRUÇÃO NÃO ESPECIFICADOS ANTERIORMENTE E DE MATERIAIS DE CONSTRUÇÃO EM GERAL
46818,"Comércio atacadista de combustíveis sólidos, líquidos e gasosos, exceto gás natural e GLP",Comércio e reparação de veículos,Combustíveis,"Petróleo, Gás e Combustíveis",cnae_5:46818,"COMÉRCIO ATACADISTA DE COMBUSTÍVEIS SÓLIDOS, LÍQUIDOS E GASOSOS, EXCETO GÁS NATURAL E GLP"
46826,Comércio atacadista de gás liqüefeito de petróleo (GLP),Comércio e reparação de veículos,Combustíveis,"Petróleo, Gás e Combustíveis",cnae_5:46826,COMÉRCIO ATACADISTA DE GÁS LIQUEFEITO DE PETRÓLEO (GLP)
46834,"Comércio atacadista de defensivos agrícolas, adubos, fertilizantes e corretivos do solo",Comércio e reparação de veículos,Insumos agropecuários,Agropecuária,cnae_5:46834,"COMÉRCIO ATACADISTA DE DEFENSIVOS AGRÍCOLAS, ADUBOS, FERTILIZANTES E CORRETIVOS DO SOLO"
46842,"Comércio atacadista de produtos químicos e petroquímicos, exceto agroquímicos",Comércio e reparação de veículos,Químico,Químico,cnae_5:46842,"COMÉRCIO ATACADISTA DE PRODUTOS QUÍMICOS E PETROQUÍMICOS, EXCETO AGROQUÍMICOS"
46851,"Comércio atacadista de produtos siderúrgicos e metalúrgicos, exceto para construção",Comércio e reparação de veículos,Siderurgia e metalurgia,Mineração e Metalurgia,cnae_5:46851,"COMÉRCIO ATACADISTA DE PRODUTOS SIDERÚRGICOS E METALÚRGICOS, EXCETO PARA CONSTRUÇÃO"
46869,Comércio atacadista de papel e papelão em bruto e de embalagens,Comércio e reparação de veículos,Papel e embalagens,"Madeira, Papel e Celulose",cnae_5:46869,COMÉRCIO ATACADISTA DE PAPEL E PAPELÃO EM BRUTO E DE EMBALAGENS
46877,Comércio atacadista de resíduos e sucatas,Comércio e reparação de veículos,Reciclagem e sucata,Saneamento e Meio Ambiente,cnae_5:46877,COMÉRCIO ATACADISTA DE RESÍDUOS E SUCATAS
46893,Comércio atacadista especializado de outros produtos intermediários não especificados anteriormente,Comércio e reparação de veículos,Comércio atacadista — diversos,Comércio Diversificado,cnae_2:46,COMÉRCIO ATACADISTA ESPECIALIZADO DE OUTROS PRODUTOS INTERMEDIÁRIOS NÃO ESPECIFICADOS ANTERIORMENTE
46915,"Comércio atacadista de mercadorias em geral, com predominância de produtos alimentícios",Comércio e reparação de veículos,Comércio de alimentos,Alimentos e Bebidas,cnae_5:46915,"COMÉRCIO ATACADISTA DE MERCADORIAS EM GERAL, COM PREDOMINÂNCIA DE PRODUTOS ALIMENTÍCIOS"
46923,"Comércio atacadista de mercadorias em geral, com predominância de insumos agropecuários",Comércio e reparação de veículos,Insumos agropecuários,Agropecuária,cnae_5:46923,"COMÉRCIO ATACADISTA DE MERCADORIAS EM GERAL, COM PREDOMINÂNCIA DE INSUMOS AGROPECUÁRIOS"
46931,"Comércio atacadista de mercadorias em geral, sem predominância de alimentos ou de insumos agropecuários",Comércio e reparação de veículos,Comércio atacadista — diversos,Comércio Diversificado,cnae_2:46,"COMÉRCIO ATACADISTA DE MERCADORIAS EM GERAL, SEM PREDOMINÂNCIA DE ALIMENTOS OU DE INSUMOS AGROPECUÁRIOS"
47113,"Comércio varejista de mercadorias em geral, com predominância de produtos alimentícios - hipermercados e supermercados",Comércio e reparação de veículos,Supermercados,Alimentos e Bebidas,cnae_5:47113,"COMÉRCIO VAREJISTA DE MERCADORIAS EM GERAL, COM PREDOMINÂNCIA DE PRODUTOS ALIMENTÍCIOS - HIPERMERCADOS E SUPERMERCADOS"
47121,"Comércio varejista de mercadorias em geral, com predominância de produtos alimentícios - minimercados, mercearias e armazéns",Comércio e reparação de veículos,Supermercados,Alimentos e Bebidas,cnae_5:47121,"COMÉRCIO VAREJISTA DE MERCADORIAS EM GERAL, COM PREDOMINÂNCIA DE PRODUTOS ALIMENTÍCIOS - MINIMERCADOS, MERCEARIAS E ARMAZÉNS"
47130,"Comércio varejista de mercadorias em geral, sem predominância de produtos alimentícios",Comércio e reparação de veículos,Comércio varejista — diversos,Comércio Diversificado,cnae_2:47,"COMÉRCIO VAREJISTA DE MERCADORIAS EM GERAL, SEM PREDOMINÂNCIA DE PRODUTOS ALIMENTÍCIOS"
47211,"Comércio varejista de produtos de padaria, laticínio, doces, balas e semelhantes",Comércio e reparação de veículos,Comércio de alimentos,Alimentos e Bebidas,cnae_3:472,"COMÉRCIO VAREJISTA DE PRODUTOS DE PADARIA, LATICÍNIO, DOCES, BALAS E SEMELHANTES"
47229,Comércio varejista de carnes e pescados - açougues e peixarias,Comércio e reparação de veículos,Comércio de alimentos,Alimentos e Bebidas,cnae_3:472,COMÉRCIO VAREJISTA DE CARNES E PESCADOS - AÇOUGUES E PEIXARIAS
47237,Comércio varejista de bebidas,Comércio e reparação de veículos,Comércio de bebidas,Alimentos e Bebidas,cnae_5:47237,COMÉRCIO VAREJISTA DE BEBIDAS
47245,Comércio varejista de hortifrutigranjeiros,Comércio e reparação de veículos,Comércio de alimentos,Alimentos e Bebidas,cnae_3:472,COMÉRCIO VAREJISTA DE HORTIFRUTIGRANJEIROS
47296,Comércio varejista de produtos alimentícios em geral ou especializado em produtos alimentícios não especificados anteriormente; produtos do fumo,Comércio e reparação de veículos,Comércio de alimentos e tabaco,Alimentos e Bebidas,cnae_5:47296,COMÉRCIO VAREJISTA DE PRODUTOS ALIMENTÍCIOS EM GERAL OU ESPECIALIZADO EM PRODUTOS ALIMENTÍCIOS NÃO ESPECIFICADOS ANTERIORMENTE; PRODUTOS DO FUMO
47318,Comércio varejista de combustíveis para veículos automotores,Comércio e reparação de veículos,Combustíveis,"Petróleo, Gás e Combustíveis",cnae_3:473,COMÉRCIO VAREJISTA DE COMBUSTÍVEIS PARA VEÍCULOS AUTOMOTORES
47326,Comércio varejista de lubrificantes,Comércio e reparação de veículos,Combustíveis,"Petróleo, Gás e Combustíveis",cnae_3:473,COMÉRCIO VAREJISTA DE LUBRIFICANTES
47415,Comércio varejista de tintas e materiais para pintura,Comércio e reparação de veículos,Materiais de construção,Materiais de Construção,cnae_3:474,COMÉRCIO VAREJISTA DE TINTAS E MATERIAIS PARA PINTURA
47423,Comércio varejista de material elétrico,Comércio e reparação de veículos,Materiais de construção,Materiais de Construção,cnae_3:474,COMÉRCIO VAREJISTA DE MATERIAL ELÉTRICO
47431,Comércio varejista de vidros,Comércio e reparação de veículos,Materiais de construção,Materiais de Construção,cnae_3:474,COMÉRCIO VAREJISTA DE VIDROS
47440,"Comércio varejista de ferragens, madeira e materiais de construção",Comércio e reparação de veículos,Materiais de construção,Materiais de Construção,cnae_3:474,"COMÉRCIO VAREJISTA DE FERRAGENS, MADEIRA E MATERIAIS DE CONSTRUÇÃO"
47512,Comércio varejista especializado de equipamentos e suprimentos de informática,Comércio e reparação de veículos,Informática,Eletrônicos e Eletrodomésticos,cnae_5:47512,COMÉRCIO VAREJISTA ESPECIALIZADO DE EQUIPAMENTOS E SUPRIMENTOS DE INFORMÁTICA
47521,Comércio varejista especializado de equipamentos de telefonia e comunicação,Comércio e reparação de veículos,Equipamentos de comunicação,Eletrônicos e Eletrodomésticos,cnae_5:47521,COMÉRCIO VAREJISTA ESPECIALIZADO DE EQUIPAMENTOS DE TELEFONIA E COMUNICAÇÃO
47539,Comércio varejista especializado de eletrodomésticos e equipamentos de áudio e vídeo,Comércio e reparação de veículos,Eletrodomésticos,Eletrônicos e Eletrodomésticos,cnae_5:47539,COMÉRCIO VAREJISTA ESPECIALIZADO DE ELETRODOMÉSTICOS E EQUIPAMENTOS DE ÁUDIO E VÍDEO
47547,"Comércio varejista especializado de móveis, colchoaria e artigos de iluminação",Comércio e reparação de veículos,Móveis e decoração,Móveis e Decoração,cnae_5:47547,"COMÉRCIO VAREJISTA ESPECIALIZADO DE MÓVEIS, COLCHOARIA E ARTIGOS DE ILUMINAÇÃO"
47555,"Comércio varejista especializado de tecidos e artigos de cama, mesa e banho",Comércio e reparação de veículos,Têxteis e vestuário,"Têxtil, Vestuário e Calçados",cnae_5:47555,"COMÉRCIO VAREJISTA ESPECIALIZADO DE TECIDOS E ARTIGOS DE CAMA, MESA E BANHO"
47563,Comércio varejista especializado de instrumentos musicais e acessórios,Comércio e reparação de veículos,Comércio varejista — diversos,Comércio Diversificado,cnae_2:47,COMÉRCIO VAREJISTA ESPECIALIZADO DE INSTRUMENTOS MUSICAIS E ACESSÓRIOS
47571,"Comércio varejista especializado de peças e acessórios para aparelhos eletroeletrônicos para uso doméstico, exceto informática e comunicação",Comércio e reparação de veículos,Comércio varejista — diversos,Comércio Diversificado,cnae_2:47,"COMÉRCIO VAREJISTA ESPECIALIZADO DE PEÇAS E ACESSÓRIOS PARA APARELHOS ELETROELETRÔNICOS PARA USO DOMÉSTICO, EXCETO INFORMÁTICA E COMUNICAÇÃO"
47598,Comércio varejista de artigos de uso doméstico não especificados anteriormente,Comércio e reparação de veículos,Comércio varejista — diversos,Comércio Diversificado,cnae_2:47,COMÉRCIO VAREJISTA DE ARTIGOS DE USO DOMÉSTICO NÃO ESPECIFICADOS ANTERIORMENTE
47610,"Comércio varejista de livros, jornais, revistas e papelaria",Comércio e reparação de veículos,Livros e papelaria,"Mídia, Cultura e Entretenimento",cnae_5:47610,"COMÉRCIO VAREJISTA DE LIVROS, JORNAIS, REVISTAS E PAPELARIA"
47636,Comércio varejista de artigos recreativos e esportivos,Comércio e reparação de veículos,Comércio varejista — diversos,Comércio Diversificado,cnae_2:47,COMÉRCIO VAREJISTA DE ARTIGOS RECREATIVOS E ESPORTIVOS
47717,Comércio varejista de produtos farmacêuticos para uso humano e veterinário,Comércio e reparação de veículos,Farmacêutico,Farmacêutico,cnae_5:47717,COMÉRCIO VAREJISTA DE PRODUTOS FARMACÊUTICOS PARA USO HUMANO E VETERINÁRIO
47725,"Comércio varejista de cosméticos, produtos de perfumaria e de higiene pessoal",Comércio e reparação de veículos,Limpeza e cosméticos,Higiene e Cosméticos,cnae_5:47725,"COMÉRCIO VAREJISTA DE COSMÉTICOS, PRODUTOS DE PERFUMARIA E DE HIGIENE PESSOAL"
47733,Comércio varejista de artigos médicos e ortopédicos,Comércio e reparação de veículos,Equipamentos médicos,Saúde,cnae_5:47733,COMÉRCIO VAREJISTA DE ARTIGOS MÉDICOS E ORTOPÉDICOS
47741,Comércio varejista de artigos de óptica,Comércio e reparação de veículos,Óptica,Saúde,cnae_5:47741,COMÉRCIO VAREJISTA DE ARTIGOS DE ÓPTICA
47814,Comércio varejista de artigos do vestuário e acessórios,Comércio e reparação de veículos,Têxteis e vestuário,"Têxtil, Vestuário e Calçados",cnae_5:47814,COMÉRCIO VAREJISTA DE ARTIGOS DO VESTUÁRIO E ACESSÓRIOS
47822,Comércio varejista de calçados e artigos de viagem,Comércio e reparação de veículos,Calçados e artigos de couro,"Têxtil, Vestuário e Calçados",cnae_5:47822,COMÉRCIO VAREJISTA DE CALÇADOS E ARTIGOS DE VIAGEM
47831,Comércio varejista de jóias e relógios,Comércio e reparação de veículos,Comércio varejista — diversos,Comércio Diversificado,cnae_2:47,COMÉRCIO VAREJISTA DE JOIAS E RELÓGIOS
47849,Comércio varejista de gás liqüefeito de petróleo (GLP),Comércio e reparação de veículos,Combustíveis,"Petróleo, Gás e Combustíveis",cnae_5:47849,COMÉRCIO VAREJISTA DE GÁS LIQUEFEITO DE PETRÓLEO (GLP)
47857,Comércio varejista de artigos usados,Comércio e reparação de veículos,Comércio varejista — diversos,Comércio Diversificado,cnae_2:47,COMÉRCIO VAREJISTA DE ARTIGOS USADOS
47890,Comércio varejista de outros produtos novos não especificados anteriormente,Comércio e reparação de veículos,Comércio varejista — diversos,Comércio Diversificado,cnae_2:47,COMÉRCIO VAREJISTA DE OUTROS PRODUTOS NOVOS NÃO ESPECIFICADOS ANTERIORMENTE
49116,Transporte ferroviário de carga,"Transporte, armazenagem e correio",Transporte ferroviário,Transporte e Logística,cnae_3:491,TRANSPORTE FERROVIÁRIO DE CARGA
49124,Transporte metroferroviário de passageiros,"Transporte, armazenagem e correio",Transporte ferroviário,Transporte e Logística,cnae_3:491,TRANSPORTE METROFERROVIÁRIO DE PASSAGEIROS
49213,"Transporte rodoviário coletivo de passageiros, com itinerário fixo, municipal e em região metropolitana","Transporte, armazenagem e correio",Transporte rodoviário de passageiros,Transporte e Logística,cnae_3:492,"TRANSPORTE RODOVIÁRIO COLETIVO DE PASSAGEIROS, COM ITINERÁRIO FIXO, MUNICIPAL E EM REGIÃO METROPOLITANA"
49221,"Transporte rodoviário coletivo de passageiros, com itinerário fixo, intermunicipal, interestadual e internacional","Transporte, armazenagem e correio",Transporte rodoviário de passageiros,Transporte e Logística,cnae_3:492,"TRANSPORTE RODOVIÁRIO COLETIVO DE PASSAGEIROS, COM ITINERÁRIO FIXO, INTERMUNICIPAL, INTERESTADUAL E INTERNACIONAL"
49230,Transporte rodoviário de táxi,"Transporte, armazenagem e correio",Transporte rodoviário de passageiros,Transporte e Logística,cnae_3:492,TRANSPORTE RODOVIÁRIO DE TÁXI
49248,Transporte escolar,"Transporte, armazenagem e correio",Transporte rodoviário de passageiros,Transporte e Logística,cnae_3:492,TRANSPORTE ESCOLAR
49299,"Transporte rodoviário coletivo de passageiros, sob regime de fretamento, e outros transportes rodoviários não especificados anteriormente","Transporte, armazenagem e correio",Transporte rodoviário de passageiros,Transporte e Logística,cnae_3:492,"TRANSPORTE RODOVIÁRIO COLETIVO DE PASSAGEIROS, SOB REGIME DE FRETAMENTO, E OUTROS TRANSPORTES RODOVIÁRIOS NÃO ESPECIFICADOS ANTERIORMENTE"
49302,Transporte rodoviário de carga,"Transporte, armazenagem e correio",Transporte rodoviário de cargas,Transporte e Logística,cnae_3:493,TRANSPORTE RODOVIÁRIO DE CARGA
49400,Transporte dutoviário,"Transporte, armazenagem e correio",Transporte dutoviário,Transporte e Logística,cnae_3:494,TRANSPORTE DUTOVIÁRIO
50114,Transporte marítimo de cabotagem,"Transporte, armazenagem e correio",Transporte aquaviário,Transporte e Logística,cnae_2:50,TRANSPORTE MARÍTIMO DE CABOTAGEM
50122,Transporte marítimo de longo curso,"Transporte, armazenagem e correio",Transporte aquaviário,Transporte e Logística,cnae_2:50,TRANSPORTE MARÍTIMO DE LONGO CURSO
50211,Transporte por navegação interior de carga,"Transporte, armazenagem e correio",Transporte aquaviário,Transporte e Logística,cnae_2:50,TRANSPORTE POR NAVEGAÇÃO INTERIOR DE CARGA
50220,Transporte por navegação interior de passageiros em linhas regulares,"Transporte, armazenagem e correio",Transporte aquaviário,Transporte e Logística,cnae_2:50,TRANSPORTE POR NAVEGAÇÃO INTERIOR DE PASSAGEIROS EM LINHAS REGULARES
50301,Navegação de apoio,"Transporte, armazenagem e correio",Navegação de apoio,Transporte e Logística,cnae_3:503,NAVEGAÇÃO DE APOIO
50912,Transporte por navegação de travessia,"Transporte, armazenagem e correio",Transporte aquaviário,Transporte e Logística,cnae_2:50,TRANSPORTE POR NAVEGAÇÃO DE TRAVESSIA
50998,Transportes aquaviários não especificados anteriormente,"Transporte, armazenagem e correio",Transporte aquaviário,Transporte e Logística,cnae_2:50,TRANSPORTES AQUAVIÁRIOS NÃO ESPECIFICADOS ANTERIORMENTE
51111,Transporte aéreo de passageiros regular,"Transporte, armazenagem e correio",Aérea,Aviação,cnae_3:511,TRANSPORTE AÉREO DE PASSAGEIROS REGULAR
51129,Transporte aéreo de passageiros não-regular,"Transporte, armazenagem e correio",Aérea,Aviação,cnae_3:511,TRANSPORTE AÉREO DE PASSAGEIROS NÃO REGULAR
51200,Transporte aéreo de carga,"Transporte, armazenagem e correio",Aérea,Aviação,cnae_3:512,TRANSPORTE AÉREO DE CARGA
51307,Transporte espacial,"Transporte, armazenagem e correio",Transporte espacial,Transporte e Logística,cnae_3:513,TRANSPORTE ESPACIAL
52117,Armazenamento,"Transporte, armazenagem e correio",Armazenagem e serviços de transporte,Transporte e Logística,cnae_2:52,ARMAZENAMENTO
52125,Carga e descarga,"Transporte, armazenagem e correio",Armazenagem e serviços de transporte,Transporte e Logística,cnae_2:52,CARGA E DESCARGA
52214,"Concessionárias de rodovias, pontes, túneis e serviços relacionados","Transporte, armazenagem e correio",Armazenagem e serviços de transporte,Transporte e Logística,cnae_2:52,"CONCESSIONÁRIAS DE RODOVIAS, PONTES, TÚNEIS E SERVIÇOS RELACIONADOS"
52222,Terminais rodoviários e ferroviários,"Transporte, armazenagem e correio",Armazenagem e serviços de transporte,Transporte e Logística,cnae_2:52,TERMINAIS RODOVIÁRIOS E FERROVIÁRIOS
52231,Estacionamento de veículos,"Transporte, armazenagem e correio",Armazenagem e serviços de transporte,Transporte e Logística,cnae_2:52,ESTACIONAMENTO DE VEÍCULOS
52290,Atividades auxiliares dos transportes terrestres não especificadas anteriormente,"Transporte, armazenagem e correio",Armazenagem e serviços de transporte,Transporte e Logística,cnae_2:52,ATIVIDADES AUXILIARES DOS TRANSPORTES TERRESTRES NÃO ESPECIFICADAS ANTERIORMENTE
52311,Gestão de portos e terminais,"Transporte, armazenagem e correio",Armazenagem e serviços de transporte,Transporte e Logística,cnae_2:52,GESTÃO DE PORTOS E TERMINAIS
52320,Atividades de agenciamento marítimo,"Transporte, armazenagem e correio",Armazenagem e serviços de transporte,Transporte e Logística,cnae_2:52,ATIVIDADES DE AGENCIAMENTO MARÍTIMO
52397,Atividades auxiliares dos transportes aquaviários não especificadas anteriormente,"Transporte, armazenagem e correio",Armazenagem e serviços de transporte,Transporte e Logística,cnae_2:52,ATIVIDADES AUXILIARES DOS TRANSPORTES AQUAVIÁRIOS NÃO ESPECIFICADAS ANTERIORMENTE
52401,Atividades auxiliares dos transportes aéreos,"Transporte, armazenagem e correio",Serviços aeroportuários,Aviação,cnae_5:52401,ATIVIDADES AUXILIARES DOS TRANSPORTES AÉREOS
52508,Atividades relacionadas à organização do transporte de carga,"Transporte, armazenagem e correio",Armazenagem e serviços de transporte,Transporte e Logística,cnae_2:52,ATIVIDADES RELACIONADAS À ORGANIZAÇÃO DO TRANSPORTE DE CARGA
53105,Atividades de Correio,"Transporte, armazenagem e correio",Correios e entregas,Transporte e Logística,cnae_2:53,ATIVIDADES DE CORREIO
53202,Atividades de malote e de entrega,"Transporte, armazenagem e correio",Correios e entregas,Transporte e Logística,cnae_2:53,ATIVIDADES DE MALOTE E DE ENTREGA
55108,Hotéis e similares,Alojamento e alimentação,Hotéis e hospedagem,"Turismo, Hotelaria e Alimentação",cnae_3:551,HOTÉIS E SIMILARES
55906,Outros tipos de alojamento não especificados anteriormente,Alojamento e alimentação,Outros alojamentos,"Turismo, Hotelaria e Alimentação",cnae_3:559,OUTROS TIPOS DE ALOJAMENTO NÃO ESPECIFICADOS ANTERIORMENTE
56112,Restaurantes e outros estabelecimentos de serviços de alimentação e bebidas,Alojamento e alimentação,Restaurantes e alimentação,"Turismo, Hotelaria e Alimentação",cnae_3:561,RESTAURANTES E OUTROS ESTABELECIMENTOS DE SERVIÇOS DE ALIMENTAÇÃO E BEBIDAS
56121,Serviços ambulantes de alimentação,Alojamento e alimentação,Restaurantes e alimentação,"Turismo, Hotelaria e Alimentação",cnae_3:561,SERVIÇOS AMBULANTES DE ALIMENTAÇÃO
56201,"Serviços de catering, bufê e outros serviços de comida preparada",Alojamento e alimentação,Alimentação coletiva e bufês,"Turismo, Hotelaria e Alimentação",cnae_3:562,"SERVIÇOS DE CATERING, BUFÊ E OUTROS SERVIÇOS DE COMIDA PREPARADA"
58115,Edição de livros,Informação e comunicação,Edição de livros e periódicos,"Mídia, Cultura e Entretenimento",cnae_2:58,EDIÇÃO DE LIVROS
58123,Edição de jornais,Informação e comunicação,Edição de livros e periódicos,"Mídia, Cultura e Entretenimento",cnae_2:58,EDIÇÃO DE JORNAIS
58131,Edição de revistas,Informação e comunicação,Edição de livros e periódicos,"Mídia, Cultura e Entretenimento",cnae_2:58,EDIÇÃO DE REVISTAS
58191,"Edição de cadastros, listas e outros produtos gráficos",Informação e comunicação,Edição de livros e periódicos,"Mídia, Cultura e Entretenimento",cnae_2:58,"EDIÇÃO DE CADASTROS, LISTAS E DE OUTROS PRODUTOS GRÁFICOS"
58212,Edição integrada à impressão de livros,Informação e comunicação,Edição de livros e periódicos,"Mídia, Cultura e Entretenimento",cnae_2:58,EDIÇÃO INTEGRADA À IMPRESSÃO DE LIVROS
58221,Edição integrada à impressão de jornais,Informação e comunicação,Edição de livros e periódicos,"Mídia, Cultura e Entretenimento",cnae_2:58,EDIÇÃO INTEGRADA À IMPRESSÃO DE JORNAIS
58239,Edição integrada à impressão de revistas,Informação e comunicação,Edição de livros e periódicos,"Mídia, Cultura e Entretenimento",cnae_2:58,EDIÇÃO INTEGRADA À IMPRESSÃO DE REVISTAS
58298,"Edição integrada à impressão de cadastros, listas e outros produtos gráficos",Informação e comunicação,Edição de livros e periódicos,"Mídia, Cultura e Entretenimento",cnae_2:58,"EDIÇÃO INTEGRADA À IMPRESSÃO DE CADASTROS, LISTAS E DE OUTROS PRODUTOS GRÁFICOS"
59111,"Atividades de produção cinematográfica, de vídeos e de programas de televisão",Informação e comunicação,Audiovisual e música,"Mídia, Cultura e Entretenimento",cnae_2:59,"ATIVIDADES DE PRODUÇÃO CINEMATOGRÁFICA, DE VÍDEOS E DE PROGRAMAS DE TELEVISÃO"
59120,"Atividades de pós-produção cinematográfica, de vídeos e de programas de televisão",Informação e comunicação,Audiovisual e música,"Mídia, Cultura e Entretenimento",cnae_2:59,"ATIVIDADES DE PÓS-PRODUÇÃO CINEMATOGRÁFICA, DE VÍDEOS E DE PROGRAMAS DE TELEVISÃO"
59138,"Distribuição cinematográfica, de vídeo e de programas de televisão",Informação e comunicação,Audiovisual e música,"Mídia, Cultura e Entretenimento",cnae_2:59,"DISTRIBUIÇÃO CINEMATOGRÁFICA, DE VÍDEO E DE PROGRAMAS DE TELEVISÃO"
59146,Atividades de exibição cinematográfica,Informação e comunicação,Audiovisual e música,"Mídia, Cultura e Entretenimento",cnae_2:59,ATIVIDADES DE EXIBIÇÃO CINEMATOGRÁFICA
59201,Atividades de gravação de som e de edição de música,Informação e comunicação,Audiovisual e música,"Mídia, Cultura e Entretenimento",cnae_2:59,ATIVIDADES DE GRAVAÇÃO DE SOM E DE EDIÇÃO DE MÚSICA
60101,Atividades de rádio,Informação e comunicação,Rádio,"Mídia, Cultura e Entretenimento",cnae_3:601,ATIVIDADES DE RÁDIO
60217,Atividades de televisão aberta,Informação e comunicação,Televisão,"Mídia, Cultura e Entretenimento",cnae_3:602,ATIVIDADES DE TELEVISÃO ABERTA
60225,Programadoras e atividades relacionadas à televisão por assinatura,Informação e comunicação,Televisão,"Mídia, Cultura e Entretenimento",cnae_3:602,PROGRAMADORAS E ATIVIDADES RELACIONADAS À TELEVISÃO POR ASSINATURA
61108,Telecomunicações por fio,Informação e comunicação,Telecomunicações,Telecomunicações,cnae_2:61,TELECOMUNICAÇÕES POR FIO
61205,Telecomunicações sem fio,Informação e comunicação,Telecomunicações,Telecomunicações,cnae_2:61,TELECOMUNICAÇÕES SEM FIO
61302,Telecomunicações por satélite,Informação e comunicação,Telecomunicações,Telecomunicações,cnae_2:61,TELECOMUNICAÇÕES POR SATÉLITE
61418,Operadoras de televisão por assinatura por cabo,Informação e comunicação,Telecomunicações,Telecomunicações,cnae_2:61,OPERADORAS DE TELEVISÃO POR ASSINATURA POR CABO
61434,Operadoras de televisão por assinatura por satélite,Informação e comunicação,Telecomunicações,Telecomunicações,cnae_2:61,OPERADORAS DE TELEVISÃO POR ASSINATURA POR SATÉLITE
61906,Outras atividades de telecomunicações,Informação e comunicação,Telecomunicações,Telecomunicações,cnae_2:61,OUTRAS ATIVIDADES DE TELECOMUNICAÇÕES
62015,Desenvolvimento de programas de computador sob encomenda,Informação e comunicação,Tecnologia da informação,Tecnologia da Informação,cnae_2:62,DESENVOLVIMENTO DE PROGRAMAS DE COMPUTADOR SOB ENCOMENDA
62023,Desenvolvimento e licenciamento de programas de computador customizáveis,Informação e comunicação,Tecnologia da informação,Tecnologia da Informação,cnae_2:62,DESENVOLVIMENTO E LICENCIAMENTO DE PROGRAMAS DE COMPUTADOR CUSTOMIZÁVEIS
62031,Desenvolvimento e licenciamento de programas de computador não-customizáveis,Informação e comunicação,Tecnologia da informação,Tecnologia da Informação,cnae_2:62,DESENVOLVIMENTO E LICENCIAMENTO DE PROGRAMAS DE COMPUTADOR NÃO CUSTOMIZÁVEIS
62040,Consultoria em tecnologia da informação,Informação e comunicação,Tecnologia da informação,Tecnologia da Informação,cnae_2:62,CONSULTORIA EM TECNOLOGIA DA INFORMAÇÃO
62091,"Suporte técnico, manutenção e outros serviços em tecnologia da informação",Informação e comunicação,Tecnologia da informação,Tecnologia da Informação,cnae_2:62,"SUPORTE TÉCNICO, MANUTENÇÃO E OUTROS SERVIÇOS EM TECNOLOGIA DA INFORMAÇÃO"
64107,Banco Central,Atividades financeiras e seguros,Serviços financeiros,Financeiro e Seguros,cnae_2:64,BANCO CENTRAL
64212,Bancos comerciais,Atividades financeiras e seguros,Bancos,Financeiro e Seguros,cnae_3:642,BANCOS COMERCIAIS
64221,"Bancos múltiplos, com carteira comercial",Atividades financeiras e seguros,Bancos,Financeiro e Seguros,cnae_3:642,"BANCOS MÚLTIPLOS, COM CARTEIRA COMERCIAL"
64239,Caixas econômicas,Atividades financeiras e seguros,Bancos,Financeiro e Seguros,cnae_3:642,CAIXAS ECONÔMICAS
64247,Crédito cooperativo,Atividades financeiras e seguros,Bancos,Financeiro e Seguros,cnae_3:642,CRÉDITO COOPERATIVO
64310,"Bancos múltiplos, sem carteira comercial",Atividades financeiras e seguros,Crédito e financiamento,Financeiro e Seguros,cnae_3:643,"BANCOS MÚLTIPLOS, SEM CARTEIRA COMERCIAL"
64328,Bancos de investimento,Atividades financeiras e seguros,Crédito e financiamento,Financeiro e Seguros,cnae_3:643,BANCOS DE INVESTIMENTO
64336,Bancos de desenvolvimento,Atividades financeiras e seguros,Crédito e financiamento,Financeiro e Seguros,cnae_3:643,BANCOS DE DESENVOLVIMENTO
64344,Agências de fomento,Atividades financeiras e seguros,Crédito e financiamento,Financeiro e Seguros,cnae_3:643,AGÊNCIAS DE FOMENTO
64352,Crédito imobiliário,Atividades financeiras e seguros,Crédito e financiamento,Financeiro e Seguros,cnae_3:643,CRÉDITO IMOBILIÁRIO
64361,"Sociedades de crédito, financiamento e investimento - financeiras",Atividades financeiras e seguros,Crédito e financiamento,Financeiro e Seguros,cnae_3:643,"SOCIEDADES DE CRÉDITO, FINANCIAMENTO E INVESTIMENTO - FINANCEIRAS"
64379,Sociedades de crédito ao microempreendedor,Atividades financeiras e seguros,Crédito e financiamento,Financeiro e Seguros,cnae_3:643,SOCIEDADES DE CRÉDITO AO MICROEMPREENDEDOR
64387,Bancos de câmbio e outras instituições de intermediação não-monetária,Atividades financeiras e seguros,Crédito e financiamento,Financeiro e Seguros,cnae_3:643,BANCOS DE CAMBIO E OUTRAS INSTITUIÇÕES DE INTERMEDIAÇÃO NÃO MONETÁRIA
64409,Arrendamento mercantil,Atividades financeiras e seguros,Arrendamento mercantil financeiro,Financeiro e Seguros,cnae_3:644,ARRENDAMENTO MERCANTIL
64506,Sociedades de capitalização,Atividades financeiras e seguros,Capitalização,Financeiro e Seguros,cnae_3:645,SOCIEDADES DE CAPITALIZAÇÃO
64611,Holdings de instituições financeiras,Atividades financeiras e seguros,Holdings e participações,Holdings e Participações,cnae_3:646,HOLDINGS DE INSTITUIÇÕES FINANCEIRAS
64620,Holdings de instituições não-financeiras,Atividades financeiras e seguros,Holdings e participações,Holdings e Participações,cnae_3:646,HOLDINGS DE INSTITUIÇÕES NÃO FINANCEIRAS
64638,"Outras sociedades de participação, exceto holdings",Atividades financeiras e seguros,Holdings e participações,Holdings e Participações,cnae_3:646,"OUTRAS SOCIEDADES DE PARTICIPAÇÃO, EXCETO HOLDINGS"
64913,Sociedades de fomento mercantil - factoring,Atividades financeiras e seguros,Outros serviços financeiros,Financeiro e Seguros,cnae_3:649,SOCIEDADES DE FOMENTO MERCANTIL - FACTORING
64921,Securitização de créditos,Atividades financeiras e seguros,Outros serviços financeiros,Financeiro e Seguros,cnae_3:649,SECURITIZAÇÃO DE CRÉDITOS
64930,Administração de consórcios para aquisição de bens e direitos,Atividades financeiras e seguros,Outros serviços financeiros,Financeiro e Seguros,cnae_3:649,ADMINISTRAÇÃO DE CONSÓRCIOS PARA AQUISIÇÃO DE BENS E DIREITOS
64999,Outras atividades de serviços financeiros não especificadas anteriormente,Atividades financeiras e seguros,Outros serviços financeiros,Financeiro e Seguros,cnae_3:649,OUTRAS ATIVIDADES DE SERVIÇOS FINANCEIROS NÃO ESPECIFICADAS ANTERIORMENTE
65111,Seguros de vida,Atividades financeiras e seguros,Seguros e previdência,Financeiro e Seguros,cnae_2:65,SEGUROS DE VIDA
65120,Seguros não-vida,Atividades financeiras e seguros,Seguros e previdência,Financeiro e Seguros,cnae_2:65,SEGUROS NÃO VIDA
65201,Seguros-saúde,Atividades financeiras e seguros,Seguros e previdência,Financeiro e Seguros,cnae_2:65,SEGUROS-SAÚDE
65308,Resseguros,Atividades financeiras e seguros,Seguros e previdência,Financeiro e Seguros,cnae_2:65,RESSEGUROS
65421,Previdência complementar aberta,Atividades financeiras e seguros,Seguros e previdência,Financeiro e Seguros,cnae_2:65,PREVIDÊNCIA COMPLEMENTAR ABERTA
65502,Planos de saúde,Atividades financeiras e seguros,Seguros e previdência,Financeiro e Seguros,cnae_2:65,PLANOS DE SAÚDE
66118,Administração de bolsas e mercados de balcão organizados,Atividades financeiras e seguros,Serviços auxiliares financeiros,Financeiro e Seguros,cnae_2:66,ADMINISTRAÇÃO DE BOLSAS E MERCADOS DE BALCÃO ORGANIZADOS
66126,"Atividades de intermediários em transações de títulos, valores mobiliários e mercadorias",Atividades financeiras e seguros,Serviços auxiliares financeiros,Financeiro e Seguros,cnae_2:66,"ATIVIDADES DE INTERMEDIÁRIOS EM TRANSAÇÕES DE TÍTULOS, VALORES MOBILIÁRIOS E MERCADORIAS"
66134,Administração de cartões de crédito,Atividades financeiras e seguros,Serviços auxiliares financeiros,Financeiro e Seguros,cnae_2:66,ADMINISTRAÇÃO DE CARTÕES DE CRÉDITO
66193,Atividades auxiliares dos serviços financeiros não especificadas anteriormente,Atividades financeiras e seguros,Serviços auxiliares financeiros,Financeiro e Seguros,cnae_2:66,ATIVIDADES AUXILIARES DOS SERVIÇOS FINANCEIROS NÃO ESPECIFICADAS ANTERIORMENTE
66215,Avaliação de riscos e perdas,Atividades financeiras e seguros,Serviços auxiliares financeiros,Financeiro e Seguros,cnae_2:66,AVALIAÇÃO DE RISCOS E PERDAS
66223,"Corretores e agentes de seguros, de planos de previdência complementar e de saúde",Atividades financeiras e seguros,Serviços auxiliares financeiros,Financeiro e Seguros,cnae_2:66,"CORRETORES E AGENTES DE SEGUROS, DE PLANOS DE PREVIDÊNCIA COMPLEMENTAR E DE SAÚDE"
66291,"Atividades auxiliares dos seguros, da previdência complementar e dos planos de saúde não especificadas anteriormente",Atividades financeiras e seguros,Serviços auxiliares financeiros,Financeiro e Seguros,cnae_2:66,"ATIVIDADES AUXILIARES DOS SEGUROS, DA PREVIDÊNCIA COMPLEMENTAR E DOS PLANOS DE SAÚDE NÃO ESPECIFICADAS ANTERIORMENTE"
66304,Atividades de administração de fundos por contrato ou comissão,Atividades financeiras e seguros,Serviços auxiliares financeiros,Financeiro e Seguros,cnae_2:66,ATIVIDADES DE ADMINISTRAÇÃO DE FUNDOS POR CONTRATO OU COMISSÃO
68102,Atividades imobiliárias de imóveis próprios,Atividades imobiliárias,Imobiliário,Imobiliário,cnae_2:68,ATIVIDADES IMOBILIÁRIAS DE IMÓVEIS PRÓPRIOS
68218,"Intermediação na compra, venda e aluguel de imóveis",Atividades imobiliárias,Imobiliário,Imobiliário,cnae_2:68,"INTERMEDIAÇÃO NA COMPRA, VENDA E ALUGUEL DE IMÓVEIS"
68226,Gestão e administração da propriedade imobiliária,Atividades imobiliárias,Imobiliário,Imobiliário,cnae_2:68,GESTÃO E ADMINISTRAÇÃO DA PROPRIEDADE IMOBILIÁRIA
69117,"Atividades jurídicas, exceto cartórios",Atividades profissionais e técnicas,Serviços jurídicos e contábeis,Serviços Profissionais,cnae_2:69,"ATIVIDADES JURÍDICAS, EXCETO CARTÓRIOS"
69206,"Atividades de contabilidade, consultoria e auditoria contábil e tributária",Atividades profissionais e técnicas,Serviços jurídicos e contábeis,Serviços Profissionais,cnae_2:69,"ATIVIDADES DE CONTABILIDADE, CONSULTORIA E AUDITORIA CONTÁBIL E TRIBUTÁRIA"
70204,Atividades de consultoria em gestão empresarial,Atividades profissionais e técnicas,Consultoria e sedes de empresas,Serviços Profissionais,cnae_2:70,ATIVIDADES DE CONSULTORIA EM GESTÃO EMPRESARIAL
71111,Serviços de arquitetura,Atividades profissionais e técnicas,Engenharia e arquitetura,Serviços Profissionais,cnae_3:711,SERVIÇOS DE ARQUITETURA
71120,Serviços de engenharia,Atividades profissionais e técnicas,Engenharia e arquitetura,Serviços Profissionais,cnae_3:711,SERVIÇOS DE ENGENHARIA
71197,Atividades técnicas relacionadas à arquitetura e engenharia,Atividades profissionais e técnicas,Engenharia e arquitetura,Serviços Profissionais,cnae_3:711,ATIVIDADES TÉCNICAS RELACIONADAS À ARQUITETURA E ENGENHARIA
71201,Testes e análises técnicas,Atividades profissionais e técnicas,Testes e análises técnicas,Serviços Profissionais,cnae_3:712,TESTES E ANÁLISES TÉCNICAS
72100,Pesquisa e desenvolvimento experimental em ciências físicas e naturais,Atividades profissionais e técnicas,Pesquisa e desenvolvimento,Serviços Profissionais,cnae_2:72,PESQUISA E DESENVOLVIMENTO EXPERIMENTAL EM CIÊNCIAS FÍSICAS E NATURAIS
72207,Pesquisa e desenvolvimento experimental em ciências sociais e humanas,Atividades profissionais e técnicas,Pesquisa e desenvolvimento,Serviços Profissionais,cnae_2:72,PESQUISA E DESENVOLVIMENTO EXPERIMENTAL EM CIÊNCIAS SOCIAIS E HUMANAS
73114,Agências de publicidade,Atividades profissionais e técnicas,Publicidade e pesquisa de mercado,Serviços Profissionais,cnae_2:73,AGÊNCIAS DE PUBLICIDADE
73122,"Agenciamento de espaços para publicidade, exceto em veículos de comunicação",Atividades profissionais e técnicas,Publicidade e pesquisa de mercado,Serviços Profissionais,cnae_2:73,"AGENCIAMENTO DE ESPAÇOS PARA PUBLICIDADE, EXCETO EM VEÍCULOS DE COMUNICAÇÃO"
73190,Atividades de publicidade não especificadas anteriormente,Atividades profissionais e técnicas,Publicidade e pesquisa de mercado,Serviços Profissionais,cnae_2:73,ATIVIDADES DE PUBLICIDADE NÃO ESPECIFICADAS ANTERIORMENTE
73203,Pesquisas de mercado e de opinião pública,Atividades profissionais e técnicas,Publicidade e pesquisa de mercado,Serviços Profissionais,cnae_2:73,PESQUISAS DE MERCADO E DE OPINIÃO PÚBLICA
74102,Design e decoração de interiores,Atividades profissionais e técnicas,Outros serviços profissionais,Serviços Profissionais,cnae_2:74,DESIGN E DECORAÇÃO DE INTERIORES
74200,Atividades fotográficas e similares,Atividades profissionais e técnicas,Outros serviços profissionais,Serviços Profissionais,cnae_2:74,ATIVIDADES FOTOGRÁFICAS E SIMILARES
74901,"Atividades profissionais, científicas e técnicas não especificadas anteriormente",Atividades profissionais e técnicas,Outros serviços profissionais,Serviços Profissionais,cnae_2:74,"ATIVIDADES PROFISSIONAIS, CIENTÍFICAS E TÉCNICAS NÃO ESPECIFICADAS ANTERIORMENTE"
75001,Atividades veterinárias,Atividades profissionais e técnicas,Veterinária,Agropecuária,cnae_2:75,ATIVIDADES VETERINÁRIAS
77110,Locação de automóveis sem condutor,Atividades administrativas,Locação de veículos,Locação de Bens,cnae_3:771,LOCAÇÃO DE AUTOMÓVEIS SEM CONDUTOR
77195,"Locação de meios de transporte, exceto automóveis, sem condutor",Atividades administrativas,Locação de veículos,Locação de Bens,cnae_3:771,"LOCAÇÃO DE MEIOS DE TRANSPORTE, EXCETO AUTOMÓVEIS, SEM CONDUTOR"
77217,Aluguel de equipamentos recreativos e esportivos,Atividades administrativas,Locação de objetos pessoais,Locação de Bens,cnae_3:772,ALUGUEL DE EQUIPAMENTOS RECREATIVOS E ESPORTIVOS
77233,"Aluguel de objetos do vestuário, jóias e acessórios",Atividades administrativas,Locação de objetos pessoais,Locação de Bens,cnae_3:772,"ALUGUEL DE OBJETOS DO VESTUÁRIO, JOIAS E ACESSÓRIOS"
77292,Aluguel de objetos pessoais e domésticos não especificados anteriormente,Atividades administrativas,Locação de objetos pessoais,Locação de Bens,cnae_3:772,ALUGUEL DE OBJETOS PESSOAIS E DOMÉSTICOS NÃO ESPECIFICADOS ANTERIORMENTE
77314,Aluguel de máquinas e equipamentos agrícolas sem operador,Atividades administrativas,Locação de máquinas e equipamentos,Locação de Bens,cnae_3:773,ALUGUEL DE MÁQUINAS E EQUIPAMENTOS AGRÍCOLAS SEM OPERADOR
77322,Aluguel de máquinas e equipamentos para construção sem operador,Atividades administrativas,Locação de máquinas e equipamentos,Locação de Bens,cnae_3:773,ALUGUEL DE MÁQUINAS E EQUIPAMENTOS PARA CONSTRUÇÃO SEM OPERADOR
77331,Aluguel de máquinas e equipamentos para escritório,Atividades administrativas,Locação de máquinas e equipamentos,Locação de Bens,cnae_3:773,ALUGUEL DE MÁQUINAS E EQUIPAMENTOS PARA ESCRITÓRIOS
77390,Aluguel de máquinas e equipamentos não especificados anteriormente,Atividades administrativas,Locação de máquinas e equipamentos,Locação de Bens,cnae_3:773,ALUGUEL DE MÁQUINAS E EQUIPAMENTOS NÃO ESPECIFICADOS ANTERIORMENTE
77403,Gestão de ativos intangíveis não-financeiros,Atividades administrativas,Gestão de ativos intangíveis,Locação de Bens,cnae_3:774,GESTÃO DE ATIVOS INTANGÍVEIS NÃO FINANCEIROS
78108,Seleção e agenciamento de mão-de-obra,Atividades administrativas,Seleção e locação de mão de obra,Serviços Administrativos e Operacionais,cnae_2:78,SELEÇÃO E AGENCIAMENTO DE MÃO DE OBRA
78205,Locação de mão-de-obra temporária,Atividades administrativas,Seleção e locação de mão de obra,Serviços Administrativos e Operacionais,cnae_2:78,LOCAÇÃO DE MÃO DE OBRA TEMPORÁRIA
78302,Fornecimento e gestão de recursos humanos para terceiros,Atividades administrativas,Seleção e locação de mão de obra,Serviços Administrativos e Operacionais,cnae_2:78,FORNECIMENTO E GESTÃO DE RECURSOS HUMANOS PARA TERCEIROS
79112,Agências de viagens,Atividades administrativas,Turismo e agências de viagens,"Turismo, Hotelaria e Alimentação",cnae_2:79,AGÊNCIAS DE VIAGENS
79121,Operadores turísticos,Atividades administrativas,Turismo e agências de viagens,"Turismo, Hotelaria e Alimentação",cnae_2:79,OPERADORES TURÍSTICOS
79902,Serviços de reservas e outros serviços de turismo não especificados anteriormente,Atividades administrativas,Turismo e agências de viagens,"Turismo, Hotelaria e Alimentação",cnae_2:79,SERVIÇOS DE RESERVAS E OUTROS SERVIÇOS DE TURISMO NÃO ESPECIFICADOS ANTERIORMENTE
80111,Atividades de vigilância e segurança privada,Atividades administrativas,Segurança e vigilância,Serviços Administrativos e Operacionais,cnae_2:80,ATIVIDADES DE VIGILÂNCIA E SEGURANÇA PRIVADA
80129,Atividades de transporte de valores,Atividades administrativas,Segurança e vigilância,Serviços Administrativos e Operacionais,cnae_2:80,ATIVIDADES DE TRANSPORTE DE VALORES
80200,Atividades de monitoramento de sistemas de segurança,Atividades administrativas,Segurança e vigilância,Serviços Administrativos e Operacionais,cnae_2:80,ATIVIDADES DE MONITORAMENTO DE SISTEMAS DE SEGURANÇA
81117,"Serviços combinados para apoio a edifícios, exceto condomínios prediais",Atividades administrativas,Limpeza e serviços prediais,Serviços Administrativos e Operacionais,cnae_2:81,"SERVIÇOS COMBINADOS PARA APOIO A EDIFÍCIOS, EXCETO CONDOMÍNIOS PREDIAIS"
81214,Limpeza em prédios e em domicílios,Atividades administrativas,Limpeza e serviços prediais,Serviços Administrativos e Operacionais,cnae_2:81,LIMPEZA EM PRÉDIOS E EM DOMICÍLIOS
81222,Imunização e controle de pragas urbanas,Atividades administrativas,Limpeza e serviços prediais,Serviços Administrativos e Operacionais,cnae_2:81,IMUNIZAÇÃO E CONTROLE DE PRAGAS URBANAS
81290,Atividades de limpeza não especificadas anteriormente,Atividades administrativas,Limpeza e serviços prediais,Serviços Administrativos e Operacionais,cnae_2:81,ATIVIDADES DE LIMPEZA NÃO ESPECIFICADAS ANTERIORMENTE
81303,Atividades paisagísticas,Atividades administrativas,Limpeza e serviços prediais,Serviços Administrativos e Operacionais,cnae_2:81,ATIVIDADES PAISAGÍSTICAS
82113,Serviços combinados de escritório e apoio administrativo,Atividades administrativas,Serviços administrativos,Serviços Administrativos e Operacionais,cnae_2:82,SERVIÇOS COMBINADOS DE ESCRITÓRIO E APOIO ADMINISTRATIVO
82199,"Fotocópias, preparação de documentos e outros serviços especializados de apoio administrativo",Atividades administrativas,Serviços administrativos,Serviços Administrativos e Operacionais,cnae_2:82,"FOTOCÓPIAS, PREPARAÇÃO DE DOCUMENTOS E OUTROS SERVIÇOS ESPECIALIZADOS DE APOIO ADMINISTRATIVO"
82202,Atividades de teleatendimento,Atividades administrativas,Serviços administrativos,Serviços Administrativos e Operacionais,cnae_2:82,ATIVIDADES DE TELEATENDIMENTO
82300,"Atividades de organização de eventos, exceto culturais e esportivos",Atividades administrativas,Serviços administrativos,Serviços Administrativos e Operacionais,cnae_2:82,"ATIVIDADES DE ORGANIZAÇÃO DE EVENTOS, EXCETO CULTURAIS E ESPORTIVOS"
82911,Atividades de cobrança e informações cadastrais,Atividades administrativas,Serviços administrativos,Serviços Administrativos e Operacionais,cnae_2:82,ATIVIDADES DE COBRANÇAS E INFORMAÇÕES CADASTRAIS
82920,Envasamento e empacotamento sob contrato,Atividades administrativas,Serviços administrativos,Serviços Administrativos e Operacionais,cnae_2:82,ENVASAMENTO E EMPACOTAMENTO SOB CONTRATO
82997,Atividades de serviços prestados principalmente às empresas não especificadas anteriormente,Atividades administrativas,Serviços administrativos,Serviços Administrativos e Operacionais,cnae_2:82,ATIVIDADES DE SERVIÇOS PRESTADOS PRINCIPALMENTE ÀS EMPRESAS NÃO ESPECIFICADAS ANTERIORMENTE
84116,Administração pública em geral,Administração pública,Administração pública,Administração Pública,cnae_2:84,ADMINISTRAÇÃO PÚBLICA EM GERAL
84124,"Regulação das atividades de saúde, educação, serviços culturais e outros serviços sociais",Administração pública,Administração pública,Administração Pública,cnae_2:84,"REGULAÇÃO DAS ATIVIDADES DE SAÚDE, EDUCAÇÃO, SERVIÇOS CULTURAIS E OUTROS SERVIÇOS SOCIAIS"
84132,Regulação das atividades econômicas,Administração pública,Administração pública,Administração Pública,cnae_2:84,REGULAÇÃO DAS ATIVIDADES ECONÔMICAS
84213,Relações exteriores,Administração pública,Administração pública,Administração Pública,cnae_2:84,RELAÇÕES EXTERIORES
84221,Defesa,Administração pública,Administração pública,Administração Pública,cnae_2:84,DEFESA
84230,Justiça,Administração pública,Administração pública,Administração Pública,cnae_2:84,JUSTIÇA
84248,Segurança e ordem pública,Administração pública,Administração pública,Administração Pública,cnae_2:84,SEGURANÇA E ORDEM PÚBLICA
84256,Defesa Civil,Administração pública,Administração pública,Administração Pública,cnae_2:84,DEFESA CIVIL
85112,Educação infantil - creche,Educação,Educação básica,Educação,cnae_3:851,EDUCAÇÃO INFANTIL - CRECHE
85121,Educação infantil - pré-escola,Educação,Educação básica,Educação,cnae_3:851,EDUCAÇÃO INFANTIL - PRÉ-ESCOLA
85139,Ensino fundamental,Educação,Educação básica,Educação,cnae_3:851,ENSINO FUNDAMENTAL
85201,Ensino médio,Educação,Educação básica,Educação,cnae_3:852,ENSINO MÉDIO
85317,Educação superior - graduação,Educação,Ensino superior,Educação,cnae_3:853,EDUCAÇÃO SUPERIOR - GRADUAÇÃO
85325,Educação superior - graduação e pós-graduação,Educação,Ensino superior,Educação,cnae_3:853,EDUCAÇÃO SUPERIOR - GRADUAÇÃO E PÓS-GRADUAÇÃO
85333,Educação superior - pós-graduação e extensão,Educação,Ensino superior,Educação,cnae_3:853,EDUCAÇÃO SUPERIOR - PÓS-GRADUAÇÃO E EXTENSÃO
85414,Educação profissional de nível técnico,Educação,Educação profissional,Educação,cnae_3:854,EDUCAÇÃO PROFISSIONAL DE NÍVEL TÉCNICO
85422,Educação profissional de nível tecnológico,Educação,Educação profissional,Educação,cnae_3:854,EDUCAÇÃO PROFISSIONAL DE NÍVEL TECNOLÓGICO
85503,Atividades de apoio à educação,Educação,Apoio à educação,Educação,cnae_3:855,ATIVIDADES DE APOIO À EDUCAÇÃO
85911,Ensino de esportes,Educação,Outras atividades de ensino,Educação,cnae_3:859,ENSINO DE ESPORTES
85929,Ensino de arte e cultura,Educação,Outras atividades de ensino,Educação,cnae_3:859,ENSINO DE ARTE E CULTURA
85937,Ensino de idiomas,Educação,Outras atividades de ensino,Educação,cnae_3:859,ENSINO DE IDIOMAS
85996,Atividades de ensino não especificadas anteriormente,Educação,Outras atividades de ensino,Educação,cnae_3:859,ATIVIDADES DE ENSINO NÃO ESPECIFICADAS ANTERIORMENTE
86101,Atividades de atendimento hospitalar,Saúde humana e serviços sociais,Hospitais,Saúde,cnae_3:861,ATIVIDADES DE ATENDIMENTO HOSPITALAR
86216,Serviços móveis de atendimento a urgências,Saúde humana e serviços sociais,Atendimento móvel de saúde,Saúde,cnae_3:862,SERVIÇOS MÓVEIS DE ATENDIMENTO A URGÊNCIAS
86224,"Serviços de remoção de pacientes, exceto os serviços móveis de atendimento a urgências",Saúde humana e serviços sociais,Atendimento móvel de saúde,Saúde,cnae_3:862,"SERVIÇOS DE REMOÇÃO DE PACIENTES, EXCETO OS SERVIÇOS MÓVEIS DE ATENDIMENTO A URGÊNCIAS"
86305,Atividades de atenção ambulatorial executadas por médicos e odontólogos,Saúde humana e serviços sociais,Consultórios e clínicas,Saúde,cnae_3:863,ATIVIDADES DE ATENÇÃO AMBULATORIAL EXECUTADAS POR MÉDICOS E ODONTÓLOGOS
86402,Atividades de serviços de complementação diagnóstica e terapêutica,Saúde humana e serviços sociais,Diagnóstico e terapias,Saúde,cnae_3:864,ATIVIDADES DE SERVIÇOS DE COMPLEMENTAÇÃO DIAGNÓSTICA E TERAPÊUTICA
86500,"Atividades de profissionais da área de saúde, exceto médicos e odontólogos",Saúde humana e serviços sociais,Profissionais de saúde,Saúde,cnae_3:865,"ATIVIDADES DE PROFISSIONAIS DA ÁREA DE SAÚDE, EXCETO MÉDICOS E ODONTÓLOGOS"
86607,Atividades de apoio à gestão de saúde,Saúde humana e serviços sociais,Gestão de saúde,Saúde,cnae_3:866,ATIVIDADES DE APOIO À GESTÃO DE SAÚDE
86909,Atividades de atenção à saúde humana não especificadas anteriormente,Saúde humana e serviços sociais,Outros serviços de saúde,Saúde,cnae_3:869,ATIVIDADES DE ATENÇÃO À SAÚDE HUMANA NÃO ESPECIFICADAS ANTERIORMENTE
87115,"Atividades de assistência a idosos, deficientes físicos, imunodeprimidos e convalescentes prestadas em residências coletivas e particulares",Saúde humana e serviços sociais,Cuidados e assistência com alojamento,Assistência Social e Organizações,cnae_2:87,"ATIVIDADES DE ASSISTÊNCIA A IDOSOS, DEFICIENTES FÍSICOS, IMUNODEPRIMIDOS E CONVALESCENTES PRESTADAS EM RESIDÊNCIAS COLETIVAS E PARTICULARES"
87123,Atividades de fornecimento de infra-estrutura de apoio e assistência a paciente no domicílio,Saúde humana e serviços sociais,Cuidados e assistência com alojamento,Assistência Social e Organizações,cnae_2:87,ATIVIDADES DE FORNECIMENTO DE INFRAESTRUTURA DE APOIO E ASSISTÊNCIA A PACIENTE NO DOMICÍLIO
87204,"Atividades de assistência psicossocial e à saúde a portadores de distúrbios psíquicos, deficiência mental e dependência química",Saúde humana e serviços sociais,Cuidados e assistência com alojamento,Assistência Social e Organizações,cnae_2:87,"ATIVIDADES DE ASSISTÊNCIA PSICOSSOCIAL E À SAÚDE A PORTADORES DE DISTÚRBIOS PSÍQUICOS, DEFICIÊNCIA MENTAL E DEPENDÊNCIA QUÍMICA"
87301,Atividades de assistência social prestadas em residências coletivas e particulares,Saúde humana e serviços sociais,Cuidados e assistência com alojamento,Assistência Social e Organizações,cnae_2:87,ATIVIDADES DE ASSISTÊNCIA SOCIAL PRESTADAS EM RESIDÊNCIAS COLETIVAS E PARTICULARES
88006,Serviços de assistência social sem alojamento,Saúde humana e serviços sociais,Assistência social,Assistência Social e Organizações,cnae_2:88,SERVIÇOS DE ASSISTÊNCIA SOCIAL SEM ALOJAMENTO
90019,"Artes cênicas, espetáculos e atividades complementares","Artes, cultura, esporte e recreação",Artes e espetáculos,"Mídia, Cultura e Entretenimento",cnae_2:90,"ARTES CÊNICAS, ESPETÁCULOS E ATIVIDADES COMPLEMENTARES"
90027,Criação artística,"Artes, cultura, esporte e recreação",Artes e espetáculos,"Mídia, Cultura e Entretenimento",cnae_2:90,CRIAÇÃO ARTÍSTICA
90035,"Gestão de espaços para artes cênicas, espetáculos e outras atividades artísticas","Artes, cultura, esporte e recreação",Artes e espetáculos,"Mídia, Cultura e Entretenimento",cnae_2:90,"GESTÃO DE ESPAÇOS PARA ARTES CÊNICAS, ESPETÁCULOS E OUTRAS ATIVIDADES ARTÍSTICAS"
91015,Atividades de bibliotecas e arquivos,"Artes, cultura, esporte e recreação",Cultura e patrimônio,"Mídia, Cultura e Entretenimento",cnae_2:91,ATIVIDADES DE BIBLIOTECAS E ARQUIVOS
91023,"Atividades de museus e de exploração, restauração artística e conservação de lugares e prédios históricos e atrações similares","Artes, cultura, esporte e recreação",Cultura e patrimônio,"Mídia, Cultura e Entretenimento",cnae_2:91,"ATIVIDADES DE MUSEUS E DE EXPLORAÇÃO, RESTAURAÇÃO ARTÍSTICA E CONSERVAÇÃO DE LUGARES E PRÉDIOS HISTÓRICOS E ATRAÇÕES SIMILARES"
91031,"Atividades de jardins botânicos, zoológicos, parques nacionais, reservas ecológicas e áreas de proteção ambiental","Artes, cultura, esporte e recreação",Cultura e patrimônio,"Mídia, Cultura e Entretenimento",cnae_2:91,"ATIVIDADES DE JARDINS BOTÂNICOS, ZOOLÓGICOS, PARQUES NACIONAIS, RESERVAS ECOLÓGICAS E ÁREAS DE PROTEÇÃO AMBIENTAL"
92003,Atividades de exploração de jogos de azar e apostas,"Artes, cultura, esporte e recreação",Jogos e apostas,"Mídia, Cultura e Entretenimento",cnae_2:92,ATIVIDADES DE EXPLORAÇÃO DE JOGOS DE AZAR E APOSTAS
93115,Gestão de instalações de esportes,"Artes, cultura, esporte e recreação",Esporte e recreação,"Mídia, Cultura e Entretenimento",cnae_2:93,GESTÃO DE INSTALAÇÕES DE ESPORTES
93123,"Clubes sociais, esportivos e similares","Artes, cultura, esporte e recreação",Esporte e recreação,"Mídia, Cultura e Entretenimento",cnae_2:93,"CLUBES SOCIAIS, ESPORTIVOS E SIMILARES"
93131,Atividades de condicionamento físico,"Artes, cultura, esporte e recreação",Esporte e recreação,"Mídia, Cultura e Entretenimento",cnae_2:93,ATIVIDADES DE CONDICIONAMENTO FÍSICO
93191,Atividades esportivas não especificadas anteriormente,"Artes, cultura, esporte e recreação",Esporte e recreação,"Mídia, Cultura e Entretenimento",cnae_2:93,ATIVIDADES ESPORTIVAS NÃO ESPECIFICADAS ANTERIORMENTE
93212,Parques de diversão e parques temáticos,"Artes, cultura, esporte e recreação",Esporte e recreação,"Mídia, Cultura e Entretenimento",cnae_2:93,PARQUES DE DIVERSÃO E PARQUES TEMÁTICOS
93298,Atividades de recreação e lazer não especificadas anteriormente,"Artes, cultura, esporte e recreação",Esporte e recreação,"Mídia, Cultura e Entretenimento",cnae_2:93,ATIVIDADES DE RECREAÇÃO E LAZER NÃO ESPECIFICADAS ANTERIORMENTE
96017,"Lavanderias, tinturarias e toalheiros",Outras atividades de serviços,Serviços pessoais,Serviços Pessoais,cnae_2:96,"LAVANDERIAS, TINTURARIAS E TOALHEIROS"
96025,Cabeleireiros e outras atividades de tratamento de beleza,Outras atividades de serviços,Serviços pessoais,Serviços Pessoais,cnae_2:96,CABELEIREIROS E OUTRAS ATIVIDADES DE TRATAMENTO DE BELEZA
96033,Atividades funerárias e serviços relacionados,Outras atividades de serviços,Serviços pessoais,Serviços Pessoais,cnae_2:96,ATIVIDADES FUNERÁRIAS E SERVIÇOS RELACIONADOS
96092,Atividades de serviços pessoais não especificadas anteriormente,Outras atividades de serviços,Serviços pessoais,Serviços Pessoais,cnae_2:96,ATIVIDADES DE SERVIÇOS PESSOAIS NÃO ESPECIFICADAS ANTERIORMENTE
97005,Serviços domésticos,Serviços domésticos,Serviços domésticos,Serviços Pessoais,cnae_2:97,SERVIÇOS DOMÉSTICOS
99008,Organismos internacionais e outras instituições extraterritoriais,Organismos internacionais,Organismos internacionais,Administração Pública,cnae_2:99,ORGANISMOS INTERNACIONAIS E OUTRAS INSTITUIÇÕES EXTRATERRITORIAIS
